learning_rate;weight_decay;epochs;optimizer;reduction;criterion;device;batch_size;clip_value;test_threshold;shuffle;cudnn_enabled;run_number;timestamp;train_results;val_results;test_results
0,001;0,01;20;Adam;mean;L1Loss;cuda;64;1,0;1,0;True;True;1;2024-01-07 16:50:23;6,9;5,13;0,88
0,001;0,01;20;Adam;mean;L1Loss;cuda;64;1,0;1,0;True;True;2;2024-01-07 16:50:23;4,83;4,46;0,79
0,001;0,01;20;Adam;mean;L1Loss;cuda;64;1,0;1,0;True;True;3;2024-01-07 16:50:23;4,71;4,04;0,69
0,001;0,01;20;Adam;mean;L1Loss;cuda;64;1,0;1,0;True;True;4;2024-01-07 16:50:23;4,68;4,21;0,78
0,001;0,01;20;Adam;mean;L1Loss;cuda;64;1,0;1,0;True;True;5;2024-01-07 16:50:23;4,7;4,06;0,78
0,001;0,01;20;Adam;mean;L1Loss;cuda;64;1,0;1,0;True;True;6;2024-01-07 16:50:23;4,67;3,95;0,75
0,001;0,01;20;Adam;mean;L1Loss;cuda;64;1,0;1,0;True;True;7;2024-01-07 16:50:23;4,64;4,3;0,82
0,001;0,01;20;Adam;mean;L1Loss;cuda;64;1,0;1,0;True;True;8;2024-01-07 16:50:23;4,61;3,96;0,75
0,001;0,01;20;Adam;mean;L1Loss;cuda;64;1,0;1,0;True;True;9;2024-01-07 16:50:23;4,7;4,04;0,82
0,001;0,01;20;Adam;mean;L1Loss;cuda;64;1,0;1,0;True;True;10;2024-01-07 16:50:23;4,6;4,23;0,74
0,001;0,01;20;Adam;mean;L1Loss;cuda;64;1,0;1,0;True;True;11;2024-01-07 16:50:23;4,63;3,94;0,78
0,001;0,01;20;Adam;mean;L1Loss;cuda;64;1,0;1,0;True;True;12;2024-01-07 16:50:23;4,62;4,3;0,76
0,001;0,01;20;Adam;mean;L1Loss;cuda;64;1,0;1,0;True;True;13;2024-01-07 16:50:23;4,59;4,02;0,75
0,001;0,01;20;Adam;mean;L1Loss;cuda;64;1,0;1,0;True;True;14;2024-01-07 16:50:23;4,61;4,06;0,78
0,001;0,01;20;Adam;mean;L1Loss;cuda;64;1,0;1,0;True;True;15;2024-01-07 16:50:23;4,63;3,95;0,83
0,001;0,01;20;Adam;mean;L1Loss;cuda;64;1,0;1,0;True;True;16;2024-01-07 16:50:23;4,56;3,93;0,78
0,001;0,01;20;Adam;mean;L1Loss;cuda;64;1,0;1,0;True;True;17;2024-01-07 16:50:23;4,56;4,08;0,79
0,001;0,01;20;Adam;mean;L1Loss;cuda;64;1,0;1,0;True;True;18;2024-01-07 16:50:23;4,6;3,92;0,79
0,001;0,01;20;Adam;mean;L1Loss;cuda;64;1,0;1,0;True;True;19;2024-01-07 16:50:23;4,56;4,01;0,76
0,001;0,01;20;Adam;mean;L1Loss;cuda;64;1,0;1,0;True;True;20;2024-01-07 16:50:23;4,59;4,02;0,76
0,001;0,01;20;Adam;mean;L1Loss;cuda;64;0,5;1,0;True;True;21;2024-01-07 16:53:51;4,6;4,13;0,78
0,001;0,01;20;Adam;mean;L1Loss;cuda;64;0,5;1,0;True;True;22;2024-01-07 16:53:51;4,57;4,0;0,76
0,001;0,01;20;Adam;mean;L1Loss;cuda;64;0,5;1,0;True;True;23;2024-01-07 16:53:51;4,6;3,92;0,75
0,001;0,01;20;Adam;mean;L1Loss;cuda;64;0,5;1,0;True;True;24;2024-01-07 16:53:51;4,59;4,32;0,78
0,001;0,01;20;Adam;mean;L1Loss;cuda;64;0,5;1,0;True;True;25;2024-01-07 16:53:51;4,57;4,01;0,74
0,001;0,01;20;Adam;mean;L1Loss;cuda;64;0,5;1,0;True;True;26;2024-01-07 16:53:51;4,56;3,98;0,72
0,001;0,01;20;Adam;mean;L1Loss;cuda;64;0,5;1,0;True;True;27;2024-01-07 16:53:51;4,61;3,96;0,78
0,001;0,01;20;Adam;mean;L1Loss;cuda;64;0,5;1,0;True;True;28;2024-01-07 16:53:51;4,57;3,97;0,81
0,001;0,01;20;Adam;mean;L1Loss;cuda;64;0,5;1,0;True;True;29;2024-01-07 16:53:51;4,6;3,98;0,82
0,001;0,01;20;Adam;mean;L1Loss;cuda;64;0,5;1,0;True;True;30;2024-01-07 16:53:51;4,6;3,98;0,74
0,001;0,01;20;Adam;mean;L1Loss;cuda;64;0,5;1,0;True;True;31;2024-01-07 16:53:51;4,59;4,04;0,74
0,001;0,01;20;Adam;mean;L1Loss;cuda;64;0,5;1,0;True;True;32;2024-01-07 16:53:51;4,59;4,07;0,75
0,001;0,01;20;Adam;mean;L1Loss;cuda;64;0,5;1,0;True;True;33;2024-01-07 16:53:51;4,54;3,99;0,78
0,001;0,01;20;Adam;mean;L1Loss;cuda;64;0,5;1,0;True;True;34;2024-01-07 16:53:51;4,54;3,98;0,79
0,001;0,01;20;Adam;mean;L1Loss;cuda;64;0,5;1,0;True;True;35;2024-01-07 16:53:51;4,64;3,93;0,74
0,001;0,01;20;Adam;mean;L1Loss;cuda;64;0,5;1,0;True;True;36;2024-01-07 16:53:51;4,57;3,99;0,72
0,001;0,01;20;Adam;mean;L1Loss;cuda;64;0,5;1,0;True;True;37;2024-01-07 16:53:51;4,61;3,94;0,75
0,001;0,01;20;Adam;mean;L1Loss;cuda;64;0,5;1,0;True;True;38;2024-01-07 16:53:51;4,56;4,0;0,79
0,001;0,01;20;Adam;mean;L1Loss;cuda;64;0,5;1,0;True;True;39;2024-01-07 16:53:51;4,55;3,97;0,83
0,001;0,01;20;Adam;mean;L1Loss;cuda;64;0,5;1,0;True;True;40;2024-01-07 16:53:51;4,58;3,97;0,82
0,001;0,01;20;Adam;sum;L1Loss;cuda;64;1,0;1,0;True;True;41;2024-01-07 16:57:31;4,58;3,94;0,78
0,001;0,01;20;Adam;sum;L1Loss;cuda;64;1,0;1,0;True;True;42;2024-01-07 16:57:31;4,56;4,08;0,71
0,001;0,01;20;Adam;sum;L1Loss;cuda;64;1,0;1,0;True;True;43;2024-01-07 16:57:31;4,55;3,92;0,76
0,001;0,01;20;Adam;sum;L1Loss;cuda;64;1,0;1,0;True;True;44;2024-01-07 16:57:31;4,54;4,0;0,74
0,001;0,01;20;Adam;sum;L1Loss;cuda;64;1,0;1,0;True;True;45;2024-01-07 16:57:31;4,55;3,95;0,75
0,001;0,01;20;Adam;sum;L1Loss;cuda;64;1,0;1,0;True;True;46;2024-01-07 16:57:31;4,52;3,9;0,76
0,001;0,01;20;Adam;sum;L1Loss;cuda;64;1,0;1,0;True;True;47;2024-01-07 16:57:31;4,52;3,89;0,79
0,001;0,01;20;Adam;sum;L1Loss;cuda;64;1,0;1,0;True;True;48;2024-01-07 16:57:31;4,51;3,92;0,76
0,001;0,01;20;Adam;sum;L1Loss;cuda;64;1,0;1,0;True;True;49;2024-01-07 16:57:31;4,54;3,89;0,75
0,001;0,01;20;Adam;sum;L1Loss;cuda;64;1,0;1,0;True;True;50;2024-01-07 16:57:31;4,52;3,9;0,72
0,001;0,01;20;Adam;sum;L1Loss;cuda;64;1,0;1,0;True;True;51;2024-01-07 16:57:31;4,55;3,9;0,76
0,001;0,01;20;Adam;sum;L1Loss;cuda;64;1,0;1,0;True;True;52;2024-01-07 16:57:31;4,57;3,93;0,76
0,001;0,01;20;Adam;sum;L1Loss;cuda;64;1,0;1,0;True;True;53;2024-01-07 16:57:31;4,52;3,94;0,74
0,001;0,01;20;Adam;sum;L1Loss;cuda;64;1,0;1,0;True;True;54;2024-01-07 16:57:31;4,5;3,89;0,78
0,001;0,01;20;Adam;sum;L1Loss;cuda;64;1,0;1,0;True;True;55;2024-01-07 16:57:31;4,51;3,89;0,74
0,001;0,01;20;Adam;sum;L1Loss;cuda;64;1,0;1,0;True;True;56;2024-01-07 16:57:31;4,53;3,9;0,71
0,001;0,01;20;Adam;sum;L1Loss;cuda;64;1,0;1,0;True;True;57;2024-01-07 16:57:31;4,49;3,9;0,74
0,001;0,01;20;Adam;sum;L1Loss;cuda;64;1,0;1,0;True;True;58;2024-01-07 16:57:31;4,52;3,9;0,78
0,001;0,01;20;Adam;sum;L1Loss;cuda;64;1,0;1,0;True;True;59;2024-01-07 16:57:31;4,51;3,91;0,78
0,001;0,01;20;Adam;sum;L1Loss;cuda;64;1,0;1,0;True;True;60;2024-01-07 16:57:31;4,51;3,96;0,79
0,001;0,01;20;Adam;sum;L1Loss;cuda;64;0,5;1,0;True;True;61;2024-01-07 17:01:11;4,5;3,93;0,72
0,001;0,01;20;Adam;sum;L1Loss;cuda;64;0,5;1,0;True;True;62;2024-01-07 17:01:11;4,54;4,15;0,71
0,001;0,01;20;Adam;sum;L1Loss;cuda;64;0,5;1,0;True;True;63;2024-01-07 17:01:11;4,52;3,94;0,71
0,001;0,01;20;Adam;sum;L1Loss;cuda;64;0,5;1,0;True;True;64;2024-01-07 17:01:11;4,52;3,9;0,75
0,001;0,01;20;Adam;sum;L1Loss;cuda;64;0,5;1,0;True;True;65;2024-01-07 17:01:11;4,52;4,02;0,76
0,001;0,01;20;Adam;sum;L1Loss;cuda;64;0,5;1,0;True;True;66;2024-01-07 17:01:11;4,54;3,95;0,76
0,001;0,01;20;Adam;sum;L1Loss;cuda;64;0,5;1,0;True;True;67;2024-01-07 17:01:11;4,53;3,9;0,76
0,001;0,01;20;Adam;sum;L1Loss;cuda;64;0,5;1,0;True;True;68;2024-01-07 17:01:11;4,53;4,05;0,75
0,001;0,01;20;Adam;sum;L1Loss;cuda;64;0,5;1,0;True;True;69;2024-01-07 17:01:11;4,55;3,95;0,82
0,001;0,01;20;Adam;sum;L1Loss;cuda;64;0,5;1,0;True;True;70;2024-01-07 17:01:11;4,54;4,0;0,72
0,001;0,01;20;Adam;sum;L1Loss;cuda;64;0,5;1,0;True;True;71;2024-01-07 17:01:11;4,53;4,07;0,79
0,001;0,01;20;Adam;sum;L1Loss;cuda;64;0,5;1,0;True;True;72;2024-01-07 17:01:11;4,56;4,11;0,81
0,001;0,01;20;Adam;sum;L1Loss;cuda;64;0,5;1,0;True;True;73;2024-01-07 17:01:11;4,54;3,89;0,78
0,001;0,01;20;Adam;sum;L1Loss;cuda;64;0,5;1,0;True;True;74;2024-01-07 17:01:11;4,54;3,94;0,76
0,001;0,01;20;Adam;sum;L1Loss;cuda;64;0,5;1,0;True;True;75;2024-01-07 17:01:11;4,53;3,88;0,75
0,001;0,01;20;Adam;sum;L1Loss;cuda;64;0,5;1,0;True;True;76;2024-01-07 17:01:11;4,53;3,93;0,71
0,001;0,01;20;Adam;sum;L1Loss;cuda;64;0,5;1,0;True;True;77;2024-01-07 17:01:11;4,54;3,9;0,76
0,001;0,01;20;Adam;sum;L1Loss;cuda;64;0,5;1,0;True;True;78;2024-01-07 17:01:11;4,52;3,91;0,76
0,001;0,01;20;Adam;sum;L1Loss;cuda;64;0,5;1,0;True;True;79;2024-01-07 17:01:11;4,54;3,97;0,78
0,001;0,01;20;Adam;sum;L1Loss;cuda;64;0,5;1,0;True;True;80;2024-01-07 17:01:11;4,52;3,96;0,78
0,001;0,01;20;Adagrad;mean;L1Loss;cuda;64;1,0;1,0;True;True;81;2024-01-07 17:04:40;4,49;3,88;0,72
0,001;0,01;20;Adagrad;mean;L1Loss;cuda;64;1,0;1,0;True;True;82;2024-01-07 17:04:40;4,47;3,88;0,72
0,001;0,01;20;Adagrad;mean;L1Loss;cuda;64;1,0;1,0;True;True;83;2024-01-07 17:04:40;4,47;3,88;0,78
0,001;0,01;20;Adagrad;mean;L1Loss;cuda;64;1,0;1,0;True;True;84;2024-01-07 17:04:40;4,47;3,88;0,72
0,001;0,01;20;Adagrad;mean;L1Loss;cuda;64;1,0;1,0;True;True;85;2024-01-07 17:04:40;4,47;3,88;0,75
0,001;0,01;20;Adagrad;mean;L1Loss;cuda;64;1,0;1,0;True;True;86;2024-01-07 17:04:40;4,46;3,88;0,72
0,001;0,01;20;Adagrad;mean;L1Loss;cuda;64;1,0;1,0;True;True;87;2024-01-07 17:04:40;4,47;3,88;0,74
0,001;0,01;20;Adagrad;mean;L1Loss;cuda;64;1,0;1,0;True;True;88;2024-01-07 17:04:40;4,46;3,88;0,75
0,001;0,01;20;Adagrad;mean;L1Loss;cuda;64;1,0;1,0;True;True;89;2024-01-07 17:04:40;4,46;3,88;0,74
0,001;0,01;20;Adagrad;mean;L1Loss;cuda;64;1,0;1,0;True;True;90;2024-01-07 17:04:40;4,46;3,88;0,72
0,001;0,01;20;Adagrad;mean;L1Loss;cuda;64;1,0;1,0;True;True;91;2024-01-07 17:04:40;4,47;3,88;0,75
0,001;0,01;20;Adagrad;mean;L1Loss;cuda;64;1,0;1,0;True;True;92;2024-01-07 17:04:40;4,47;3,88;0,75
0,001;0,01;20;Adagrad;mean;L1Loss;cuda;64;1,0;1,0;True;True;93;2024-01-07 17:04:40;4,46;3,88;0,75
0,001;0,01;20;Adagrad;mean;L1Loss;cuda;64;1,0;1,0;True;True;94;2024-01-07 17:04:40;4,47;3,87;0,78
0,001;0,01;20;Adagrad;mean;L1Loss;cuda;64;1,0;1,0;True;True;95;2024-01-07 17:04:40;4,47;3,87;0,78
0,001;0,01;20;Adagrad;mean;L1Loss;cuda;64;1,0;1,0;True;True;96;2024-01-07 17:04:40;4,46;3,88;0,75
0,001;0,01;20;Adagrad;mean;L1Loss;cuda;64;1,0;1,0;True;True;97;2024-01-07 17:04:40;4,46;3,88;0,76
0,001;0,01;20;Adagrad;mean;L1Loss;cuda;64;1,0;1,0;True;True;98;2024-01-07 17:04:40;4,46;3,87;0,75
0,001;0,01;20;Adagrad;mean;L1Loss;cuda;64;1,0;1,0;True;True;99;2024-01-07 17:04:40;4,46;3,87;0,78
0,001;0,01;20;Adagrad;mean;L1Loss;cuda;64;1,0;1,0;True;True;100;2024-01-07 17:04:40;4,46;3,87;0,75
0,001;0,01;20;Adagrad;mean;L1Loss;cuda;64;0,5;1,0;True;True;101;2024-01-07 17:08:21;4,48;3,88;0,76
0,001;0,01;20;Adagrad;mean;L1Loss;cuda;64;0,5;1,0;True;True;102;2024-01-07 17:08:21;4,47;3,88;0,76
0,001;0,01;20;Adagrad;mean;L1Loss;cuda;64;0,5;1,0;True;True;103;2024-01-07 17:08:21;4,46;3,88;0,75
0,001;0,01;20;Adagrad;mean;L1Loss;cuda;64;0,5;1,0;True;True;104;2024-01-07 17:08:21;4,47;3,88;0,74
0,001;0,01;20;Adagrad;mean;L1Loss;cuda;64;0,5;1,0;True;True;105;2024-01-07 17:08:21;4,45;3,88;0,78
0,001;0,01;20;Adagrad;mean;L1Loss;cuda;64;0,5;1,0;True;True;106;2024-01-07 17:08:21;4,46;3,88;0,72
0,001;0,01;20;Adagrad;mean;L1Loss;cuda;64;0,5;1,0;True;True;107;2024-01-07 17:08:21;4,46;3,87;0,76
0,001;0,01;20;Adagrad;mean;L1Loss;cuda;64;0,5;1,0;True;True;108;2024-01-07 17:08:21;4,46;3,87;0,75
0,001;0,01;20;Adagrad;mean;L1Loss;cuda;64;0,5;1,0;True;True;109;2024-01-07 17:08:21;4,46;3,89;0,72
0,001;0,01;20;Adagrad;mean;L1Loss;cuda;64;0,5;1,0;True;True;110;2024-01-07 17:08:21;4,46;3,88;0,78
0,001;0,01;20;Adagrad;mean;L1Loss;cuda;64;0,5;1,0;True;True;111;2024-01-07 17:08:21;4,46;3,88;0,78
0,001;0,01;20;Adagrad;mean;L1Loss;cuda;64;0,5;1,0;True;True;112;2024-01-07 17:08:21;4,46;3,87;0,76
0,001;0,01;20;Adagrad;mean;L1Loss;cuda;64;0,5;1,0;True;True;113;2024-01-07 17:08:21;4,45;3,88;0,74
0,001;0,01;20;Adagrad;mean;L1Loss;cuda;64;0,5;1,0;True;True;114;2024-01-07 17:08:21;4,46;3,87;0,72
0,001;0,01;20;Adagrad;mean;L1Loss;cuda;64;0,5;1,0;True;True;115;2024-01-07 17:08:21;4,46;3,88;0,75
0,001;0,01;20;Adagrad;mean;L1Loss;cuda;64;0,5;1,0;True;True;116;2024-01-07 17:08:21;4,46;3,88;0,74
0,001;0,01;20;Adagrad;mean;L1Loss;cuda;64;0,5;1,0;True;True;117;2024-01-07 17:08:21;4,45;3,88;0,71
0,001;0,01;20;Adagrad;mean;L1Loss;cuda;64;0,5;1,0;True;True;118;2024-01-07 17:08:21;4,46;3,88;0,76
0,001;0,01;20;Adagrad;mean;L1Loss;cuda;64;0,5;1,0;True;True;119;2024-01-07 17:08:21;4,45;3,87;0,78
0,001;0,01;20;Adagrad;mean;L1Loss;cuda;64;0,5;1,0;True;True;120;2024-01-07 17:08:21;4,47;3,87;0,76
0,001;0,01;20;Adagrad;sum;L1Loss;cuda;64;1,0;1,0;True;True;121;2024-01-07 17:11:58;4,48;3,87;0,78
0,001;0,01;20;Adagrad;sum;L1Loss;cuda;64;1,0;1,0;True;True;122;2024-01-07 17:11:58;4,47;3,87;0,78
0,001;0,01;20;Adagrad;sum;L1Loss;cuda;64;1,0;1,0;True;True;123;2024-01-07 17:11:58;4,45;3,87;0,78
0,001;0,01;20;Adagrad;sum;L1Loss;cuda;64;1,0;1,0;True;True;124;2024-01-07 17:11:58;4,46;3,87;0,75
0,001;0,01;20;Adagrad;sum;L1Loss;cuda;64;1,0;1,0;True;True;125;2024-01-07 17:11:58;4,45;3,87;0,78
0,001;0,01;20;Adagrad;sum;L1Loss;cuda;64;1,0;1,0;True;True;126;2024-01-07 17:11:58;4,46;3,87;0,75
0,001;0,01;20;Adagrad;sum;L1Loss;cuda;64;1,0;1,0;True;True;127;2024-01-07 17:11:58;4,46;3,87;0,76
0,001;0,01;20;Adagrad;sum;L1Loss;cuda;64;1,0;1,0;True;True;128;2024-01-07 17:11:58;4,45;3,87;0,78
0,001;0,01;20;Adagrad;sum;L1Loss;cuda;64;1,0;1,0;True;True;129;2024-01-07 17:11:58;4,45;3,87;0,76
0,001;0,01;20;Adagrad;sum;L1Loss;cuda;64;1,0;1,0;True;True;130;2024-01-07 17:11:58;4,46;3,87;0,76
0,001;0,01;20;Adagrad;sum;L1Loss;cuda;64;1,0;1,0;True;True;131;2024-01-07 17:11:58;4,45;3,88;0,71
0,001;0,01;20;Adagrad;sum;L1Loss;cuda;64;1,0;1,0;True;True;132;2024-01-07 17:11:58;4,45;3,87;0,75
0,001;0,01;20;Adagrad;sum;L1Loss;cuda;64;1,0;1,0;True;True;133;2024-01-07 17:11:58;4,45;3,87;0,78
0,001;0,01;20;Adagrad;sum;L1Loss;cuda;64;1,0;1,0;True;True;134;2024-01-07 17:11:58;4,45;3,88;0,76
0,001;0,01;20;Adagrad;sum;L1Loss;cuda;64;1,0;1,0;True;True;135;2024-01-07 17:11:58;4,45;3,87;0,76
0,001;0,01;20;Adagrad;sum;L1Loss;cuda;64;1,0;1,0;True;True;136;2024-01-07 17:11:58;4,46;3,87;0,78
0,001;0,01;20;Adagrad;sum;L1Loss;cuda;64;1,0;1,0;True;True;137;2024-01-07 17:11:58;4,47;3,87;0,78
0,001;0,01;20;Adagrad;sum;L1Loss;cuda;64;1,0;1,0;True;True;138;2024-01-07 17:11:58;4,46;3,87;0,76
0,001;0,01;20;Adagrad;sum;L1Loss;cuda;64;1,0;1,0;True;True;139;2024-01-07 17:11:58;4,46;3,87;0,76
0,001;0,01;20;Adagrad;sum;L1Loss;cuda;64;1,0;1,0;True;True;140;2024-01-07 17:11:58;4,45;3,87;0,76
0,001;0,01;20;Adagrad;sum;L1Loss;cuda;64;0,5;1,0;True;True;141;2024-01-07 17:15:26;4,48;3,87;0,76
0,001;0,01;20;Adagrad;sum;L1Loss;cuda;64;0,5;1,0;True;True;142;2024-01-07 17:15:26;4,47;3,89;0,72
0,001;0,01;20;Adagrad;sum;L1Loss;cuda;64;0,5;1,0;True;True;143;2024-01-07 17:15:26;4,46;3,88;0,74
0,001;0,01;20;Adagrad;sum;L1Loss;cuda;64;0,5;1,0;True;True;144;2024-01-07 17:15:26;4,46;3,88;0,71
0,001;0,01;20;Adagrad;sum;L1Loss;cuda;64;0,5;1,0;True;True;145;2024-01-07 17:15:26;4,46;3,87;0,78
0,001;0,01;20;Adagrad;sum;L1Loss;cuda;64;0,5;1,0;True;True;146;2024-01-07 17:15:26;4,46;3,87;0,78
0,001;0,01;20;Adagrad;sum;L1Loss;cuda;64;0,5;1,0;True;True;147;2024-01-07 17:15:26;4,46;3,88;0,76
0,001;0,01;20;Adagrad;sum;L1Loss;cuda;64;0,5;1,0;True;True;148;2024-01-07 17:15:26;4,48;3,87;0,76
0,001;0,01;20;Adagrad;sum;L1Loss;cuda;64;0,5;1,0;True;True;149;2024-01-07 17:15:26;4,45;3,87;0,76
0,001;0,01;20;Adagrad;sum;L1Loss;cuda;64;0,5;1,0;True;True;150;2024-01-07 17:15:26;4,47;3,86;0,76
0,001;0,01;20;Adagrad;sum;L1Loss;cuda;64;0,5;1,0;True;True;151;2024-01-07 17:15:26;4,46;3,87;0,74
0,001;0,01;20;Adagrad;sum;L1Loss;cuda;64;0,5;1,0;True;True;152;2024-01-07 17:15:26;4,46;3,86;0,75
0,001;0,01;20;Adagrad;sum;L1Loss;cuda;64;0,5;1,0;True;True;153;2024-01-07 17:15:26;4,46;3,87;0,78
0,001;0,01;20;Adagrad;sum;L1Loss;cuda;64;0,5;1,0;True;True;154;2024-01-07 17:15:26;4,46;3,88;0,74
0,001;0,01;20;Adagrad;sum;L1Loss;cuda;64;0,5;1,0;True;True;155;2024-01-07 17:15:26;4,46;3,87;0,76
0,001;0,01;20;Adagrad;sum;L1Loss;cuda;64;0,5;1,0;True;True;156;2024-01-07 17:15:26;4,46;3,87;0,76
0,001;0,01;20;Adagrad;sum;L1Loss;cuda;64;0,5;1,0;True;True;157;2024-01-07 17:15:26;4,46;3,87;0,76
0,001;0,01;20;Adagrad;sum;L1Loss;cuda;64;0,5;1,0;True;True;158;2024-01-07 17:15:26;4,45;3,86;0,78
0,001;0,01;20;Adagrad;sum;L1Loss;cuda;64;0,5;1,0;True;True;159;2024-01-07 17:15:26;4,46;3,87;0,78
0,001;0,01;20;Adagrad;sum;L1Loss;cuda;64;0,5;1,0;True;True;160;2024-01-07 17:15:26;4,46;3,87;0,74
0,001;0,001;20;Adam;mean;L1Loss;cuda;64;1,0;1,0;True;True;161;2024-01-07 17:18:54;4,53;3,87;0,75
0,001;0,001;20;Adam;mean;L1Loss;cuda;64;1,0;1,0;True;True;162;2024-01-07 17:18:54;4,49;3,94;0,79
0,001;0,001;20;Adam;mean;L1Loss;cuda;64;1,0;1,0;True;True;163;2024-01-07 17:18:54;4,5;4,03;0,79
0,001;0,001;20;Adam;mean;L1Loss;cuda;64;1,0;1,0;True;True;164;2024-01-07 17:18:54;4,51;3,97;0,75
0,001;0,001;20;Adam;mean;L1Loss;cuda;64;1,0;1,0;True;True;165;2024-01-07 17:18:54;4,5;3,93;0,75
0,001;0,001;20;Adam;mean;L1Loss;cuda;64;1,0;1,0;True;True;166;2024-01-07 17:18:54;4,48;3,85;0,76
0,001;0,001;20;Adam;mean;L1Loss;cuda;64;1,0;1,0;True;True;167;2024-01-07 17:18:54;4,46;3,97;0,79
0,001;0,001;20;Adam;mean;L1Loss;cuda;64;1,0;1,0;True;True;168;2024-01-07 17:18:54;4,5;3,88;0,75
0,001;0,001;20;Adam;mean;L1Loss;cuda;64;1,0;1,0;True;True;169;2024-01-07 17:18:54;4,48;3,93;0,75
0,001;0,001;20;Adam;mean;L1Loss;cuda;64;1,0;1,0;True;True;170;2024-01-07 17:18:54;4,51;3,9;0,79
0,001;0,001;20;Adam;mean;L1Loss;cuda;64;1,0;1,0;True;True;171;2024-01-07 17:18:54;4,47;3,97;0,79
0,001;0,001;20;Adam;mean;L1Loss;cuda;64;1,0;1,0;True;True;172;2024-01-07 17:18:54;4,47;3,87;0,72
0,001;0,001;20;Adam;mean;L1Loss;cuda;64;1,0;1,0;True;True;173;2024-01-07 17:18:54;4,45;4,0;0,79
0,001;0,001;20;Adam;mean;L1Loss;cuda;64;1,0;1,0;True;True;174;2024-01-07 17:18:54;4,46;3,87;0,79
0,001;0,001;20;Adam;mean;L1Loss;cuda;64;1,0;1,0;True;True;175;2024-01-07 17:18:54;4,45;3,86;0,75
0,001;0,001;20;Adam;mean;L1Loss;cuda;64;1,0;1,0;True;True;176;2024-01-07 17:18:54;4,47;4,0;0,78
0,001;0,001;20;Adam;mean;L1Loss;cuda;64;1,0;1,0;True;True;177;2024-01-07 17:18:54;4,48;3,83;0,76
0,001;0,001;20;Adam;mean;L1Loss;cuda;64;1,0;1,0;True;True;178;2024-01-07 17:18:54;4,49;4,17;0,78
0,001;0,001;20;Adam;mean;L1Loss;cuda;64;1,0;1,0;True;True;179;2024-01-07 17:18:54;4,48;3,91;0,72
0,001;0,001;20;Adam;mean;L1Loss;cuda;64;1,0;1,0;True;True;180;2024-01-07 17:18:54;4,46;3,91;0,75
0,001;0,001;20;Adam;mean;L1Loss;cuda;64;0,5;1,0;True;True;181;2024-01-07 17:22:22;4,49;3,84;0,72
0,001;0,001;20;Adam;mean;L1Loss;cuda;64;0,5;1,0;True;True;182;2024-01-07 17:22:22;4,45;3,84;0,75
0,001;0,001;20;Adam;mean;L1Loss;cuda;64;0,5;1,0;True;True;183;2024-01-07 17:22:22;4,5;3,85;0,75
0,001;0,001;20;Adam;mean;L1Loss;cuda;64;0,5;1,0;True;True;184;2024-01-07 17:22:22;4,47;3,88;0,76
0,001;0,001;20;Adam;mean;L1Loss;cuda;64;0,5;1,0;True;True;185;2024-01-07 17:22:22;4,47;3,91;0,81
0,001;0,001;20;Adam;mean;L1Loss;cuda;64;0,5;1,0;True;True;186;2024-01-07 17:22:22;4,47;3,85;0,76
0,001;0,001;20;Adam;mean;L1Loss;cuda;64;0,5;1,0;True;True;187;2024-01-07 17:22:22;4,46;3,9;0,76
0,001;0,001;20;Adam;mean;L1Loss;cuda;64;0,5;1,0;True;True;188;2024-01-07 17:22:22;4,46;3,85;0,79
0,001;0,001;20;Adam;mean;L1Loss;cuda;64;0,5;1,0;True;True;189;2024-01-07 17:22:22;4,46;3,86;0,76
0,001;0,001;20;Adam;mean;L1Loss;cuda;64;0,5;1,0;True;True;190;2024-01-07 17:22:22;4,45;3,84;0,75
0,001;0,001;20;Adam;mean;L1Loss;cuda;64;0,5;1,0;True;True;191;2024-01-07 17:22:22;4,48;3,88;0,81
0,001;0,001;20;Adam;mean;L1Loss;cuda;64;0,5;1,0;True;True;192;2024-01-07 17:22:22;4,45;3,99;0,76
0,001;0,001;20;Adam;mean;L1Loss;cuda;64;0,5;1,0;True;True;193;2024-01-07 17:22:22;4,45;3,87;0,79
0,001;0,001;20;Adam;mean;L1Loss;cuda;64;0,5;1,0;True;True;194;2024-01-07 17:22:22;4,45;3,88;0,79
0,001;0,001;20;Adam;mean;L1Loss;cuda;64;0,5;1,0;True;True;195;2024-01-07 17:22:22;4,45;3,84;0,74
0,001;0,001;20;Adam;mean;L1Loss;cuda;64;0,5;1,0;True;True;196;2024-01-07 17:22:22;4,45;3,85;0,79
0,001;0,001;20;Adam;mean;L1Loss;cuda;64;0,5;1,0;True;True;197;2024-01-07 17:22:22;4,47;3,87;0,79
0,001;0,001;20;Adam;mean;L1Loss;cuda;64;0,5;1,0;True;True;198;2024-01-07 17:22:22;4,46;3,92;0,82
0,001;0,001;20;Adam;mean;L1Loss;cuda;64;0,5;1,0;True;True;199;2024-01-07 17:22:22;4,47;3,85;0,79
0,001;0,001;20;Adam;mean;L1Loss;cuda;64;0,5;1,0;True;True;200;2024-01-07 17:22:22;4,44;3,95;0,81
0,001;0,001;20;Adam;sum;L1Loss;cuda;64;1,0;1,0;True;True;201;2024-01-07 17:25:51;4,46;3,88;0,74
0,001;0,001;20;Adam;sum;L1Loss;cuda;64;1,0;1,0;True;True;202;2024-01-07 17:25:51;4,47;3,87;0,76
0,001;0,001;20;Adam;sum;L1Loss;cuda;64;1,0;1,0;True;True;203;2024-01-07 17:25:51;4,46;3,86;0,81
0,001;0,001;20;Adam;sum;L1Loss;cuda;64;1,0;1,0;True;True;204;2024-01-07 17:25:51;4,46;3,85;0,74
0,001;0,001;20;Adam;sum;L1Loss;cuda;64;1,0;1,0;True;True;205;2024-01-07 17:25:51;4,45;3,93;0,75
0,001;0,001;20;Adam;sum;L1Loss;cuda;64;1,0;1,0;True;True;206;2024-01-07 17:25:51;4,45;3,9;0,76
0,001;0,001;20;Adam;sum;L1Loss;cuda;64;1,0;1,0;True;True;207;2024-01-07 17:25:51;4,46;3,95;0,82
0,001;0,001;20;Adam;sum;L1Loss;cuda;64;1,0;1,0;True;True;208;2024-01-07 17:25:51;4,45;3,93;0,78
0,001;0,001;20;Adam;sum;L1Loss;cuda;64;1,0;1,0;True;True;209;2024-01-07 17:25:51;4,47;3,86;0,72
0,001;0,001;20;Adam;sum;L1Loss;cuda;64;1,0;1,0;True;True;210;2024-01-07 17:25:51;4,44;3,88;0,78
0,001;0,001;20;Adam;sum;L1Loss;cuda;64;1,0;1,0;True;True;211;2024-01-07 17:25:51;4,45;3,86;0,75
0,001;0,001;20;Adam;sum;L1Loss;cuda;64;1,0;1,0;True;True;212;2024-01-07 17:25:51;4,45;3,9;0,74
0,001;0,001;20;Adam;sum;L1Loss;cuda;64;1,0;1,0;True;True;213;2024-01-07 17:25:51;4,44;3,94;0,78
0,001;0,001;20;Adam;sum;L1Loss;cuda;64;1,0;1,0;True;True;214;2024-01-07 17:25:51;4,44;3,86;0,78
0,001;0,001;20;Adam;sum;L1Loss;cuda;64;1,0;1,0;True;True;215;2024-01-07 17:25:51;4,46;3,84;0,81
0,001;0,001;20;Adam;sum;L1Loss;cuda;64;1,0;1,0;True;True;216;2024-01-07 17:25:51;4,46;3,84;0,79
0,001;0,001;20;Adam;sum;L1Loss;cuda;64;1,0;1,0;True;True;217;2024-01-07 17:25:51;4,45;3,93;0,81
0,001;0,001;20;Adam;sum;L1Loss;cuda;64;1,0;1,0;True;True;218;2024-01-07 17:25:51;4,46;3,84;0,78
0,001;0,001;20;Adam;sum;L1Loss;cuda;64;1,0;1,0;True;True;219;2024-01-07 17:25:51;4,44;3,87;0,79
0,001;0,001;20;Adam;sum;L1Loss;cuda;64;1,0;1,0;True;True;220;2024-01-07 17:25:51;4,46;3,87;0,78
0,001;0,001;20;Adam;sum;L1Loss;cuda;64;0,5;1,0;True;True;221;2024-01-07 17:29:19;4,51;4,02;0,79
0,001;0,001;20;Adam;sum;L1Loss;cuda;64;0,5;1,0;True;True;222;2024-01-07 17:29:19;4,48;3,85;0,75
0,001;0,001;20;Adam;sum;L1Loss;cuda;64;0,5;1,0;True;True;223;2024-01-07 17:29:19;4,45;3,84;0,79
0,001;0,001;20;Adam;sum;L1Loss;cuda;64;0,5;1,0;True;True;224;2024-01-07 17:29:19;4,45;3,92;0,81
0,001;0,001;20;Adam;sum;L1Loss;cuda;64;0,5;1,0;True;True;225;2024-01-07 17:29:19;4,46;3,84;0,76
0,001;0,001;20;Adam;sum;L1Loss;cuda;64;0,5;1,0;True;True;226;2024-01-07 17:29:19;4,48;3,86;0,81
0,001;0,001;20;Adam;sum;L1Loss;cuda;64;0,5;1,0;True;True;227;2024-01-07 17:29:19;4,44;3,9;0,74
0,001;0,001;20;Adam;sum;L1Loss;cuda;64;0,5;1,0;True;True;228;2024-01-07 17:29:19;4,45;3,89;0,81
0,001;0,001;20;Adam;sum;L1Loss;cuda;64;0,5;1,0;True;True;229;2024-01-07 17:29:19;4,46;4,06;0,85
0,001;0,001;20;Adam;sum;L1Loss;cuda;64;0,5;1,0;True;True;230;2024-01-07 17:29:19;4,47;3,86;0,83
0,001;0,001;20;Adam;sum;L1Loss;cuda;64;0,5;1,0;True;True;231;2024-01-07 17:29:19;4,44;4,12;0,75
0,001;0,001;20;Adam;sum;L1Loss;cuda;64;0,5;1,0;True;True;232;2024-01-07 17:29:19;4,44;3,89;0,76
0,001;0,001;20;Adam;sum;L1Loss;cuda;64;0,5;1,0;True;True;233;2024-01-07 17:29:19;4,47;3,84;0,78
0,001;0,001;20;Adam;sum;L1Loss;cuda;64;0,5;1,0;True;True;234;2024-01-07 17:29:19;4,46;3,83;0,74
0,001;0,001;20;Adam;sum;L1Loss;cuda;64;0,5;1,0;True;True;235;2024-01-07 17:29:19;4,45;3,86;0,75
0,001;0,001;20;Adam;sum;L1Loss;cuda;64;0,5;1,0;True;True;236;2024-01-07 17:29:19;4,44;4,03;0,79
0,001;0,001;20;Adam;sum;L1Loss;cuda;64;0,5;1,0;True;True;237;2024-01-07 17:29:19;4,48;3,85;0,78
0,001;0,001;20;Adam;sum;L1Loss;cuda;64;0,5;1,0;True;True;238;2024-01-07 17:29:19;4,44;3,85;0,79
0,001;0,001;20;Adam;sum;L1Loss;cuda;64;0,5;1,0;True;True;239;2024-01-07 17:29:19;4,46;3,83;0,78
0,001;0,001;20;Adam;sum;L1Loss;cuda;64;0,5;1,0;True;True;240;2024-01-07 17:29:19;4,45;3,85;0,75
0,001;0,001;20;Adagrad;mean;L1Loss;cuda;64;1,0;1,0;True;True;241;2024-01-07 17:32:47;4,41;3,83;0,78
0,001;0,001;20;Adagrad;mean;L1Loss;cuda;64;1,0;1,0;True;True;242;2024-01-07 17:32:47;4,4;3,83;0,76
0,001;0,001;20;Adagrad;mean;L1Loss;cuda;64;1,0;1,0;True;True;243;2024-01-07 17:32:47;4,4;3,82;0,79
0,001;0,001;20;Adagrad;mean;L1Loss;cuda;64;1,0;1,0;True;True;244;2024-01-07 17:32:47;4,4;3,83;0,76
0,001;0,001;20;Adagrad;mean;L1Loss;cuda;64;1,0;1,0;True;True;245;2024-01-07 17:32:47;4,4;3,84;0,78
0,001;0,001;20;Adagrad;mean;L1Loss;cuda;64;1,0;1,0;True;True;246;2024-01-07 17:32:47;4,4;3,83;0,78
0,001;0,001;20;Adagrad;mean;L1Loss;cuda;64;1,0;1,0;True;True;247;2024-01-07 17:32:47;4,39;3,83;0,76
0,001;0,001;20;Adagrad;mean;L1Loss;cuda;64;1,0;1,0;True;True;248;2024-01-07 17:32:47;4,4;3,83;0,78
0,001;0,001;20;Adagrad;mean;L1Loss;cuda;64;1,0;1,0;True;True;249;2024-01-07 17:32:47;4,38;3,83;0,79
0,001;0,001;20;Adagrad;mean;L1Loss;cuda;64;1,0;1,0;True;True;250;2024-01-07 17:32:47;4,39;3,82;0,78
0,001;0,001;20;Adagrad;mean;L1Loss;cuda;64;1,0;1,0;True;True;251;2024-01-07 17:32:47;4,39;3,85;0,79
0,001;0,001;20;Adagrad;mean;L1Loss;cuda;64;1,0;1,0;True;True;252;2024-01-07 17:32:47;4,4;3,83;0,76
0,001;0,001;20;Adagrad;mean;L1Loss;cuda;64;1,0;1,0;True;True;253;2024-01-07 17:32:47;4,39;3,83;0,78
0,001;0,001;20;Adagrad;mean;L1Loss;cuda;64;1,0;1,0;True;True;254;2024-01-07 17:32:47;4,38;3,83;0,76
0,001;0,001;20;Adagrad;mean;L1Loss;cuda;64;1,0;1,0;True;True;255;2024-01-07 17:32:47;4,38;3,83;0,79
0,001;0,001;20;Adagrad;mean;L1Loss;cuda;64;1,0;1,0;True;True;256;2024-01-07 17:32:47;4,38;3,83;0,76
0,001;0,001;20;Adagrad;mean;L1Loss;cuda;64;1,0;1,0;True;True;257;2024-01-07 17:32:47;4,39;3,83;0,78
0,001;0,001;20;Adagrad;mean;L1Loss;cuda;64;1,0;1,0;True;True;258;2024-01-07 17:32:47;4,4;3,83;0,76
0,001;0,001;20;Adagrad;mean;L1Loss;cuda;64;1,0;1,0;True;True;259;2024-01-07 17:32:47;4,39;3,82;0,76
0,001;0,001;20;Adagrad;mean;L1Loss;cuda;64;1,0;1,0;True;True;260;2024-01-07 17:32:47;4,39;3,83;0,76
0,001;0,001;20;Adagrad;mean;L1Loss;cuda;64;0,5;1,0;True;True;261;2024-01-07 17:36:15;4,4;3,82;0,79
0,001;0,001;20;Adagrad;mean;L1Loss;cuda;64;0,5;1,0;True;True;262;2024-01-07 17:36:15;4,39;3,82;0,78
0,001;0,001;20;Adagrad;mean;L1Loss;cuda;64;0,5;1,0;True;True;263;2024-01-07 17:36:15;4,39;3,82;0,76
0,001;0,001;20;Adagrad;mean;L1Loss;cuda;64;0,5;1,0;True;True;264;2024-01-07 17:36:15;4,4;3,83;0,76
0,001;0,001;20;Adagrad;mean;L1Loss;cuda;64;0,5;1,0;True;True;265;2024-01-07 17:36:15;4,38;3,82;0,76
0,001;0,001;20;Adagrad;mean;L1Loss;cuda;64;0,5;1,0;True;True;266;2024-01-07 17:36:15;4,39;3,82;0,76
0,001;0,001;20;Adagrad;mean;L1Loss;cuda;64;0,5;1,0;True;True;267;2024-01-07 17:36:15;4,39;3,82;0,76
0,001;0,001;20;Adagrad;mean;L1Loss;cuda;64;0,5;1,0;True;True;268;2024-01-07 17:36:15;4,39;3,83;0,78
0,001;0,001;20;Adagrad;mean;L1Loss;cuda;64;0,5;1,0;True;True;269;2024-01-07 17:36:15;4,39;3,82;0,76
0,001;0,001;20;Adagrad;mean;L1Loss;cuda;64;0,5;1,0;True;True;270;2024-01-07 17:36:15;4,39;3,82;0,76
0,001;0,001;20;Adagrad;mean;L1Loss;cuda;64;0,5;1,0;True;True;271;2024-01-07 17:36:15;4,38;3,82;0,76
0,001;0,001;20;Adagrad;mean;L1Loss;cuda;64;0,5;1,0;True;True;272;2024-01-07 17:36:15;4,39;3,82;0,78
0,001;0,001;20;Adagrad;mean;L1Loss;cuda;64;0,5;1,0;True;True;273;2024-01-07 17:36:15;4,39;3,82;0,76
0,001;0,001;20;Adagrad;mean;L1Loss;cuda;64;0,5;1,0;True;True;274;2024-01-07 17:36:15;4,4;3,82;0,78
0,001;0,001;20;Adagrad;mean;L1Loss;cuda;64;0,5;1,0;True;True;275;2024-01-07 17:36:15;4,39;3,82;0,76
0,001;0,001;20;Adagrad;mean;L1Loss;cuda;64;0,5;1,0;True;True;276;2024-01-07 17:36:15;4,38;3,82;0,76
0,001;0,001;20;Adagrad;mean;L1Loss;cuda;64;0,5;1,0;True;True;277;2024-01-07 17:36:15;4,38;3,83;0,76
0,001;0,001;20;Adagrad;mean;L1Loss;cuda;64;0,5;1,0;True;True;278;2024-01-07 17:36:15;4,39;3,82;0,76
0,001;0,001;20;Adagrad;mean;L1Loss;cuda;64;0,5;1,0;True;True;279;2024-01-07 17:36:15;4,38;3,82;0,76
0,001;0,001;20;Adagrad;mean;L1Loss;cuda;64;0,5;1,0;True;True;280;2024-01-07 17:36:15;4,39;3,82;0,78
0,001;0,001;20;Adagrad;sum;L1Loss;cuda;64;1,0;1,0;True;True;281;2024-01-07 17:39:43;4,41;3,83;0,79
0,001;0,001;20;Adagrad;sum;L1Loss;cuda;64;1,0;1,0;True;True;282;2024-01-07 17:39:43;4,39;3,82;0,76
0,001;0,001;20;Adagrad;sum;L1Loss;cuda;64;1,0;1,0;True;True;283;2024-01-07 17:39:43;4,39;3,83;0,76
0,001;0,001;20;Adagrad;sum;L1Loss;cuda;64;1,0;1,0;True;True;284;2024-01-07 17:39:43;4,39;3,82;0,76
0,001;0,001;20;Adagrad;sum;L1Loss;cuda;64;1,0;1,0;True;True;285;2024-01-07 17:39:43;4,38;3,82;0,78
0,001;0,001;20;Adagrad;sum;L1Loss;cuda;64;1,0;1,0;True;True;286;2024-01-07 17:39:43;4,39;3,82;0,75
0,001;0,001;20;Adagrad;sum;L1Loss;cuda;64;1,0;1,0;True;True;287;2024-01-07 17:39:43;4,39;3,83;0,76
0,001;0,001;20;Adagrad;sum;L1Loss;cuda;64;1,0;1,0;True;True;288;2024-01-07 17:39:43;4,38;3,83;0,79
0,001;0,001;20;Adagrad;sum;L1Loss;cuda;64;1,0;1,0;True;True;289;2024-01-07 17:39:43;4,39;3,82;0,76
0,001;0,001;20;Adagrad;sum;L1Loss;cuda;64;1,0;1,0;True;True;290;2024-01-07 17:39:43;4,38;3,82;0,76
0,001;0,001;20;Adagrad;sum;L1Loss;cuda;64;1,0;1,0;True;True;291;2024-01-07 17:39:43;4,39;3,83;0,78
0,001;0,001;20;Adagrad;sum;L1Loss;cuda;64;1,0;1,0;True;True;292;2024-01-07 17:39:43;4,39;3,83;0,78
0,001;0,001;20;Adagrad;sum;L1Loss;cuda;64;1,0;1,0;True;True;293;2024-01-07 17:39:43;4,39;3,82;0,75
0,001;0,001;20;Adagrad;sum;L1Loss;cuda;64;1,0;1,0;True;True;294;2024-01-07 17:39:43;4,38;3,82;0,76
0,001;0,001;20;Adagrad;sum;L1Loss;cuda;64;1,0;1,0;True;True;295;2024-01-07 17:39:43;4,38;3,82;0,75
0,001;0,001;20;Adagrad;sum;L1Loss;cuda;64;1,0;1,0;True;True;296;2024-01-07 17:39:43;4,39;3,82;0,75
0,001;0,001;20;Adagrad;sum;L1Loss;cuda;64;1,0;1,0;True;True;297;2024-01-07 17:39:43;4,39;3,82;0,76
0,001;0,001;20;Adagrad;sum;L1Loss;cuda;64;1,0;1,0;True;True;298;2024-01-07 17:39:43;4,39;3,82;0,76
0,001;0,001;20;Adagrad;sum;L1Loss;cuda;64;1,0;1,0;True;True;299;2024-01-07 17:39:43;4,39;3,82;0,75
0,001;0,001;20;Adagrad;sum;L1Loss;cuda;64;1,0;1,0;True;True;300;2024-01-07 17:39:43;4,39;3,82;0,76
0,001;0,001;20;Adagrad;sum;L1Loss;cuda;64;0,5;1,0;True;True;301;2024-01-07 17:43:10;4,4;3,82;0,78
0,001;0,001;20;Adagrad;sum;L1Loss;cuda;64;0,5;1,0;True;True;302;2024-01-07 17:43:10;4,4;3,82;0,81
0,001;0,001;20;Adagrad;sum;L1Loss;cuda;64;0,5;1,0;True;True;303;2024-01-07 17:43:10;4,39;3,82;0,78
0,001;0,001;20;Adagrad;sum;L1Loss;cuda;64;0,5;1,0;True;True;304;2024-01-07 17:43:10;4,39;3,82;0,76
0,001;0,001;20;Adagrad;sum;L1Loss;cuda;64;0,5;1,0;True;True;305;2024-01-07 17:43:10;4,39;3,81;0,76
0,001;0,001;20;Adagrad;sum;L1Loss;cuda;64;0,5;1,0;True;True;306;2024-01-07 17:43:10;4,39;3,82;0,79
0,001;0,001;20;Adagrad;sum;L1Loss;cuda;64;0,5;1,0;True;True;307;2024-01-07 17:43:10;4,39;3,81;0,76
0,001;0,001;20;Adagrad;sum;L1Loss;cuda;64;0,5;1,0;True;True;308;2024-01-07 17:43:10;4,39;3,83;0,82
0,001;0,001;20;Adagrad;sum;L1Loss;cuda;64;0,5;1,0;True;True;309;2024-01-07 17:43:10;4,39;3,81;0,76
0,001;0,001;20;Adagrad;sum;L1Loss;cuda;64;0,5;1,0;True;True;310;2024-01-07 17:43:10;4,38;3,82;0,76
0,001;0,001;20;Adagrad;sum;L1Loss;cuda;64;0,5;1,0;True;True;311;2024-01-07 17:43:10;4,38;3,82;0,78
0,001;0,001;20;Adagrad;sum;L1Loss;cuda;64;0,5;1,0;True;True;312;2024-01-07 17:43:10;4,38;3,82;0,76
0,001;0,001;20;Adagrad;sum;L1Loss;cuda;64;0,5;1,0;True;True;313;2024-01-07 17:43:10;4,39;3,82;0,76
0,001;0,001;20;Adagrad;sum;L1Loss;cuda;64;0,5;1,0;True;True;314;2024-01-07 17:43:10;4,38;3,82;0,76
0,001;0,001;20;Adagrad;sum;L1Loss;cuda;64;0,5;1,0;True;True;315;2024-01-07 17:43:10;4,38;3,81;0,76
0,001;0,001;20;Adagrad;sum;L1Loss;cuda;64;0,5;1,0;True;True;316;2024-01-07 17:43:10;4,39;3,83;0,79
0,001;0,001;20;Adagrad;sum;L1Loss;cuda;64;0,5;1,0;True;True;317;2024-01-07 17:43:10;4,4;3,81;0,76
0,001;0,001;20;Adagrad;sum;L1Loss;cuda;64;0,5;1,0;True;True;318;2024-01-07 17:43:10;4,38;3,82;0,76
0,001;0,001;20;Adagrad;sum;L1Loss;cuda;64;0,5;1,0;True;True;319;2024-01-07 17:43:10;4,39;3,82;0,76
0,001;0,001;20;Adagrad;sum;L1Loss;cuda;64;0,5;1,0;True;True;320;2024-01-07 17:43:10;4,39;3,82;0,76
0,0001;0,01;20;Adam;mean;L1Loss;cuda;64;1,0;1,0;True;True;321;2024-01-07 17:46:38;4,39;3,82;0,76
0,0001;0,01;20;Adam;mean;L1Loss;cuda;64;1,0;1,0;True;True;322;2024-01-07 17:46:38;4,39;3,81;0,76
0,0001;0,01;20;Adam;mean;L1Loss;cuda;64;1,0;1,0;True;True;323;2024-01-07 17:46:38;4,39;3,83;0,82
0,0001;0,01;20;Adam;mean;L1Loss;cuda;64;1,0;1,0;True;True;324;2024-01-07 17:46:38;4,39;3,81;0,78
0,0001;0,01;20;Adam;mean;L1Loss;cuda;64;1,0;1,0;True;True;325;2024-01-07 17:46:38;4,39;3,83;0,81
0,0001;0,01;20;Adam;mean;L1Loss;cuda;64;1,0;1,0;True;True;326;2024-01-07 17:46:38;4,39;3,81;0,78
0,0001;0,01;20;Adam;mean;L1Loss;cuda;64;1,0;1,0;True;True;327;2024-01-07 17:46:38;4,39;3,82;0,76
0,0001;0,01;20;Adam;mean;L1Loss;cuda;64;1,0;1,0;True;True;328;2024-01-07 17:46:38;4,39;3,82;0,76
0,0001;0,01;20;Adam;mean;L1Loss;cuda;64;1,0;1,0;True;True;329;2024-01-07 17:46:38;4,39;3,82;0,76
0,0001;0,01;20;Adam;mean;L1Loss;cuda;64;1,0;1,0;True;True;330;2024-01-07 17:46:38;4,41;3,82;0,75
0,0001;0,01;20;Adam;mean;L1Loss;cuda;64;1,0;1,0;True;True;331;2024-01-07 17:46:38;4,4;3,82;0,76
0,0001;0,01;20;Adam;mean;L1Loss;cuda;64;1,0;1,0;True;True;332;2024-01-07 17:46:38;4,4;3,83;0,78
0,0001;0,01;20;Adam;mean;L1Loss;cuda;64;1,0;1,0;True;True;333;2024-01-07 17:46:38;4,39;3,82;0,76
0,0001;0,01;20;Adam;mean;L1Loss;cuda;64;1,0;1,0;True;True;334;2024-01-07 17:46:38;4,39;3,82;0,78
0,0001;0,01;20;Adam;mean;L1Loss;cuda;64;1,0;1,0;True;True;335;2024-01-07 17:46:38;4,4;3,82;0,75
0,0001;0,01;20;Adam;mean;L1Loss;cuda;64;1,0;1,0;True;True;336;2024-01-07 17:46:38;4,39;3,84;0,82
0,0001;0,01;20;Adam;mean;L1Loss;cuda;64;1,0;1,0;True;True;337;2024-01-07 17:46:38;4,4;3,82;0,79
0,0001;0,01;20;Adam;mean;L1Loss;cuda;64;1,0;1,0;True;True;338;2024-01-07 17:46:38;4,4;3,86;0,82
0,0001;0,01;20;Adam;mean;L1Loss;cuda;64;1,0;1,0;True;True;339;2024-01-07 17:46:38;4,4;3,82;0,79
0,0001;0,01;20;Adam;mean;L1Loss;cuda;64;1,0;1,0;True;True;340;2024-01-07 17:46:38;4,39;3,82;0,78
0,0001;0,01;20;Adam;mean;L1Loss;cuda;64;0,5;1,0;True;True;341;2024-01-07 17:50:06;4,4;3,82;0,76
0,0001;0,01;20;Adam;mean;L1Loss;cuda;64;0,5;1,0;True;True;342;2024-01-07 17:50:06;4,41;3,82;0,79
0,0001;0,01;20;Adam;mean;L1Loss;cuda;64;0,5;1,0;True;True;343;2024-01-07 17:50:06;4,4;3,82;0,78
0,0001;0,01;20;Adam;mean;L1Loss;cuda;64;0,5;1,0;True;True;344;2024-01-07 17:50:06;4,41;3,82;0,78
0,0001;0,01;20;Adam;mean;L1Loss;cuda;64;0,5;1,0;True;True;345;2024-01-07 17:50:06;4,4;3,82;0,78
0,0001;0,01;20;Adam;mean;L1Loss;cuda;64;0,5;1,0;True;True;346;2024-01-07 17:50:06;4,4;3,83;0,78
0,0001;0,01;20;Adam;mean;L1Loss;cuda;64;0,5;1,0;True;True;347;2024-01-07 17:50:06;4,4;3,83;0,75
0,0001;0,01;20;Adam;mean;L1Loss;cuda;64;0,5;1,0;True;True;348;2024-01-07 17:50:06;4,4;3,83;0,75
0,0001;0,01;20;Adam;mean;L1Loss;cuda;64;0,5;1,0;True;True;349;2024-01-07 17:50:06;4,4;3,82;0,76
0,0001;0,01;20;Adam;mean;L1Loss;cuda;64;0,5;1,0;True;True;350;2024-01-07 17:50:06;4,41;3,83;0,75
0,0001;0,01;20;Adam;mean;L1Loss;cuda;64;0,5;1,0;True;True;351;2024-01-07 17:50:06;4,43;3,84;0,76
0,0001;0,01;20;Adam;mean;L1Loss;cuda;64;0,5;1,0;True;True;352;2024-01-07 17:50:06;4,41;3,84;0,78
0,0001;0,01;20;Adam;mean;L1Loss;cuda;64;0,5;1,0;True;True;353;2024-01-07 17:50:06;4,4;3,84;0,78
0,0001;0,01;20;Adam;mean;L1Loss;cuda;64;0,5;1,0;True;True;354;2024-01-07 17:50:06;4,41;3,85;0,78
0,0001;0,01;20;Adam;mean;L1Loss;cuda;64;0,5;1,0;True;True;355;2024-01-07 17:50:06;4,42;3,83;0,78
0,0001;0,01;20;Adam;mean;L1Loss;cuda;64;0,5;1,0;True;True;356;2024-01-07 17:50:06;4,42;3,83;0,76
0,0001;0,01;20;Adam;mean;L1Loss;cuda;64;0,5;1,0;True;True;357;2024-01-07 17:50:06;4,42;3,84;0,75
0,0001;0,01;20;Adam;mean;L1Loss;cuda;64;0,5;1,0;True;True;358;2024-01-07 17:50:06;4,4;3,83;0,75
0,0001;0,01;20;Adam;mean;L1Loss;cuda;64;0,5;1,0;True;True;359;2024-01-07 17:50:06;4,42;3,86;0,79
0,0001;0,01;20;Adam;mean;L1Loss;cuda;64;0,5;1,0;True;True;360;2024-01-07 17:50:06;4,43;3,84;0,75
0,0001;0,01;20;Adam;sum;L1Loss;cuda;64;1,0;1,0;True;True;361;2024-01-07 17:53:35;4,42;3,84;0,79
0,0001;0,01;20;Adam;sum;L1Loss;cuda;64;1,0;1,0;True;True;362;2024-01-07 17:53:35;4,42;3,84;0,79
0,0001;0,01;20;Adam;sum;L1Loss;cuda;64;1,0;1,0;True;True;363;2024-01-07 17:53:35;4,42;3,85;0,79
0,0001;0,01;20;Adam;sum;L1Loss;cuda;64;1,0;1,0;True;True;364;2024-01-07 17:53:35;4,43;3,85;0,78
0,0001;0,01;20;Adam;sum;L1Loss;cuda;64;1,0;1,0;True;True;365;2024-01-07 17:53:35;4,41;3,84;0,76
0,0001;0,01;20;Adam;sum;L1Loss;cuda;64;1,0;1,0;True;True;366;2024-01-07 17:53:35;4,43;3,84;0,79
0,0001;0,01;20;Adam;sum;L1Loss;cuda;64;1,0;1,0;True;True;367;2024-01-07 17:53:35;4,41;3,83;0,76
0,0001;0,01;20;Adam;sum;L1Loss;cuda;64;1,0;1,0;True;True;368;2024-01-07 17:53:35;4,41;3,83;0,76
0,0001;0,01;20;Adam;sum;L1Loss;cuda;64;1,0;1,0;True;True;369;2024-01-07 17:53:35;4,42;3,83;0,75
0,0001;0,01;20;Adam;sum;L1Loss;cuda;64;1,0;1,0;True;True;370;2024-01-07 17:53:35;4,42;3,84;0,78
0,0001;0,01;20;Adam;sum;L1Loss;cuda;64;1,0;1,0;True;True;371;2024-01-07 17:53:35;4,41;3,84;0,76
0,0001;0,01;20;Adam;sum;L1Loss;cuda;64;1,0;1,0;True;True;372;2024-01-07 17:53:35;4,41;3,85;0,75
0,0001;0,01;20;Adam;sum;L1Loss;cuda;64;1,0;1,0;True;True;373;2024-01-07 17:53:35;4,41;3,84;0,78
0,0001;0,01;20;Adam;sum;L1Loss;cuda;64;1,0;1,0;True;True;374;2024-01-07 17:53:35;4,41;3,84;0,75
0,0001;0,01;20;Adam;sum;L1Loss;cuda;64;1,0;1,0;True;True;375;2024-01-07 17:53:35;4,42;3,84;0,79
0,0001;0,01;20;Adam;sum;L1Loss;cuda;64;1,0;1,0;True;True;376;2024-01-07 17:53:35;4,42;3,82;0,75
0,0001;0,01;20;Adam;sum;L1Loss;cuda;64;1,0;1,0;True;True;377;2024-01-07 17:53:35;4,42;3,84;0,78
0,0001;0,01;20;Adam;sum;L1Loss;cuda;64;1,0;1,0;True;True;378;2024-01-07 17:53:35;4,41;3,83;0,76
0,0001;0,01;20;Adam;sum;L1Loss;cuda;64;1,0;1,0;True;True;379;2024-01-07 17:53:35;4,41;3,83;0,81
0,0001;0,01;20;Adam;sum;L1Loss;cuda;64;1,0;1,0;True;True;380;2024-01-07 17:53:35;4,42;3,84;0,75
0,0001;0,01;20;Adam;sum;L1Loss;cuda;64;0,5;1,0;True;True;381;2024-01-07 17:57:05;4,41;3,83;0,74
0,0001;0,01;20;Adam;sum;L1Loss;cuda;64;0,5;1,0;True;True;382;2024-01-07 17:57:05;4,41;3,84;0,79
0,0001;0,01;20;Adam;sum;L1Loss;cuda;64;0,5;1,0;True;True;383;2024-01-07 17:57:05;4,41;3,83;0,79
0,0001;0,01;20;Adam;sum;L1Loss;cuda;64;0,5;1,0;True;True;384;2024-01-07 17:57:05;4,42;3,84;0,78
0,0001;0,01;20;Adam;sum;L1Loss;cuda;64;0,5;1,0;True;True;385;2024-01-07 17:57:05;4,42;3,84;0,75
0,0001;0,01;20;Adam;sum;L1Loss;cuda;64;0,5;1,0;True;True;386;2024-01-07 17:57:05;4,42;3,83;0,75
0,0001;0,01;20;Adam;sum;L1Loss;cuda;64;0,5;1,0;True;True;387;2024-01-07 17:57:05;4,43;3,84;0,75
0,0001;0,01;20;Adam;sum;L1Loss;cuda;64;0,5;1,0;True;True;388;2024-01-07 17:57:05;4,42;3,84;0,78
0,0001;0,01;20;Adam;sum;L1Loss;cuda;64;0,5;1,0;True;True;389;2024-01-07 17:57:05;4,42;3,84;0,76
0,0001;0,01;20;Adam;sum;L1Loss;cuda;64;0,5;1,0;True;True;390;2024-01-07 17:57:05;4,43;3,83;0,75
0,0001;0,01;20;Adam;sum;L1Loss;cuda;64;0,5;1,0;True;True;391;2024-01-07 17:57:05;4,42;3,84;0,76
0,0001;0,01;20;Adam;sum;L1Loss;cuda;64;0,5;1,0;True;True;392;2024-01-07 17:57:05;4,43;3,84;0,76
0,0001;0,01;20;Adam;sum;L1Loss;cuda;64;0,5;1,0;True;True;393;2024-01-07 17:57:05;4,42;3,84;0,76
0,0001;0,01;20;Adam;sum;L1Loss;cuda;64;0,5;1,0;True;True;394;2024-01-07 17:57:05;4,43;3,85;0,76
0,0001;0,01;20;Adam;sum;L1Loss;cuda;64;0,5;1,0;True;True;395;2024-01-07 17:57:05;4,42;3,84;0,74
0,0001;0,01;20;Adam;sum;L1Loss;cuda;64;0,5;1,0;True;True;396;2024-01-07 17:57:05;4,44;3,83;0,75
0,0001;0,01;20;Adam;sum;L1Loss;cuda;64;0,5;1,0;True;True;397;2024-01-07 17:57:05;4,42;3,84;0,76
0,0001;0,01;20;Adam;sum;L1Loss;cuda;64;0,5;1,0;True;True;398;2024-01-07 17:57:05;4,43;3,84;0,76
0,0001;0,01;20;Adam;sum;L1Loss;cuda;64;0,5;1,0;True;True;399;2024-01-07 17:57:05;4,43;3,84;0,78
0,0001;0,01;20;Adam;sum;L1Loss;cuda;64;0,5;1,0;True;True;400;2024-01-07 17:57:05;4,43;3,84;0,76
0,0001;0,01;20;Adagrad;mean;L1Loss;cuda;64;1,0;1,0;True;True;401;2024-01-07 18:00:40;4,41;3,85;0,74
0,0001;0,01;20;Adagrad;mean;L1Loss;cuda;64;1,0;1,0;True;True;402;2024-01-07 18:00:40;4,42;3,84;0,74
0,0001;0,01;20;Adagrad;mean;L1Loss;cuda;64;1,0;1,0;True;True;403;2024-01-07 18:00:40;4,43;3,84;0,74
0,0001;0,01;20;Adagrad;mean;L1Loss;cuda;64;1,0;1,0;True;True;404;2024-01-07 18:00:40;4,43;3,85;0,74
0,0001;0,01;20;Adagrad;mean;L1Loss;cuda;64;1,0;1,0;True;True;405;2024-01-07 18:00:40;4,42;3,84;0,74
0,0001;0,01;20;Adagrad;mean;L1Loss;cuda;64;1,0;1,0;True;True;406;2024-01-07 18:00:40;4,42;3,85;0,74
0,0001;0,01;20;Adagrad;mean;L1Loss;cuda;64;1,0;1,0;True;True;407;2024-01-07 18:00:40;4,42;3,85;0,74
0,0001;0,01;20;Adagrad;mean;L1Loss;cuda;64;1,0;1,0;True;True;408;2024-01-07 18:00:40;4,42;3,84;0,74
0,0001;0,01;20;Adagrad;mean;L1Loss;cuda;64;1,0;1,0;True;True;409;2024-01-07 18:00:40;4,43;3,84;0,74
0,0001;0,01;20;Adagrad;mean;L1Loss;cuda;64;1,0;1,0;True;True;410;2024-01-07 18:00:40;4,43;3,84;0,75
0,0001;0,01;20;Adagrad;mean;L1Loss;cuda;64;1,0;1,0;True;True;411;2024-01-07 18:00:40;4,42;3,85;0,75
0,0001;0,01;20;Adagrad;mean;L1Loss;cuda;64;1,0;1,0;True;True;412;2024-01-07 18:00:40;4,42;3,84;0,75
0,0001;0,01;20;Adagrad;mean;L1Loss;cuda;64;1,0;1,0;True;True;413;2024-01-07 18:00:40;4,42;3,84;0,75
0,0001;0,01;20;Adagrad;mean;L1Loss;cuda;64;1,0;1,0;True;True;414;2024-01-07 18:00:40;4,43;3,84;0,75
0,0001;0,01;20;Adagrad;mean;L1Loss;cuda;64;1,0;1,0;True;True;415;2024-01-07 18:00:40;4,41;3,85;0,75
0,0001;0,01;20;Adagrad;mean;L1Loss;cuda;64;1,0;1,0;True;True;416;2024-01-07 18:00:40;4,43;3,85;0,75
0,0001;0,01;20;Adagrad;mean;L1Loss;cuda;64;1,0;1,0;True;True;417;2024-01-07 18:00:40;4,41;3,84;0,75
0,0001;0,01;20;Adagrad;mean;L1Loss;cuda;64;1,0;1,0;True;True;418;2024-01-07 18:00:40;4,41;3,84;0,75
0,0001;0,01;20;Adagrad;mean;L1Loss;cuda;64;1,0;1,0;True;True;419;2024-01-07 18:00:40;4,42;3,84;0,75
0,0001;0,01;20;Adagrad;mean;L1Loss;cuda;64;1,0;1,0;True;True;420;2024-01-07 18:00:40;4,42;3,84;0,75
0,0001;0,01;20;Adagrad;mean;L1Loss;cuda;64;0,5;1,0;True;True;421;2024-01-07 18:04:14;4,42;3,84;0,74
0,0001;0,01;20;Adagrad;mean;L1Loss;cuda;64;0,5;1,0;True;True;422;2024-01-07 18:04:14;4,43;3,84;0,75
0,0001;0,01;20;Adagrad;mean;L1Loss;cuda;64;0,5;1,0;True;True;423;2024-01-07 18:04:14;4,42;3,84;0,74
0,0001;0,01;20;Adagrad;mean;L1Loss;cuda;64;0,5;1,0;True;True;424;2024-01-07 18:04:14;4,42;3,84;0,75
0,0001;0,01;20;Adagrad;mean;L1Loss;cuda;64;0,5;1,0;True;True;425;2024-01-07 18:04:14;4,42;3,84;0,75
0,0001;0,01;20;Adagrad;mean;L1Loss;cuda;64;0,5;1,0;True;True;426;2024-01-07 18:04:14;4,42;3,84;0,75
0,0001;0,01;20;Adagrad;mean;L1Loss;cuda;64;0,5;1,0;True;True;427;2024-01-07 18:04:14;4,42;3,84;0,75
0,0001;0,01;20;Adagrad;mean;L1Loss;cuda;64;0,5;1,0;True;True;428;2024-01-07 18:04:14;4,42;3,85;0,75
0,0001;0,01;20;Adagrad;mean;L1Loss;cuda;64;0,5;1,0;True;True;429;2024-01-07 18:04:14;4,42;3,84;0,75
0,0001;0,01;20;Adagrad;mean;L1Loss;cuda;64;0,5;1,0;True;True;430;2024-01-07 18:04:14;4,42;3,84;0,75
0,0001;0,01;20;Adagrad;mean;L1Loss;cuda;64;0,5;1,0;True;True;431;2024-01-07 18:04:14;4,42;3,84;0,75
0,0001;0,01;20;Adagrad;mean;L1Loss;cuda;64;0,5;1,0;True;True;432;2024-01-07 18:04:14;4,42;3,84;0,75
0,0001;0,01;20;Adagrad;mean;L1Loss;cuda;64;0,5;1,0;True;True;433;2024-01-07 18:04:14;4,43;3,84;0,75
0,0001;0,01;20;Adagrad;mean;L1Loss;cuda;64;0,5;1,0;True;True;434;2024-01-07 18:04:14;4,42;3,84;0,75
0,0001;0,01;20;Adagrad;mean;L1Loss;cuda;64;0,5;1,0;True;True;435;2024-01-07 18:04:14;4,42;3,84;0,74
0,0001;0,01;20;Adagrad;mean;L1Loss;cuda;64;0,5;1,0;True;True;436;2024-01-07 18:04:14;4,42;3,84;0,74
0,0001;0,01;20;Adagrad;mean;L1Loss;cuda;64;0,5;1,0;True;True;437;2024-01-07 18:04:14;4,42;3,84;0,75
0,0001;0,01;20;Adagrad;mean;L1Loss;cuda;64;0,5;1,0;True;True;438;2024-01-07 18:04:14;4,43;3,84;0,75
0,0001;0,01;20;Adagrad;mean;L1Loss;cuda;64;0,5;1,0;True;True;439;2024-01-07 18:04:14;4,44;3,84;0,75
0,0001;0,01;20;Adagrad;mean;L1Loss;cuda;64;0,5;1,0;True;True;440;2024-01-07 18:04:14;4,42;3,84;0,75
0,0001;0,01;20;Adagrad;sum;L1Loss;cuda;64;1,0;1,0;True;True;441;2024-01-07 18:07:48;4,43;3,84;0,75
0,0001;0,01;20;Adagrad;sum;L1Loss;cuda;64;1,0;1,0;True;True;442;2024-01-07 18:07:48;4,43;3,84;0,75
0,0001;0,01;20;Adagrad;sum;L1Loss;cuda;64;1,0;1,0;True;True;443;2024-01-07 18:07:48;4,42;3,84;0,75
0,0001;0,01;20;Adagrad;sum;L1Loss;cuda;64;1,0;1,0;True;True;444;2024-01-07 18:07:48;4,41;3,84;0,75
0,0001;0,01;20;Adagrad;sum;L1Loss;cuda;64;1,0;1,0;True;True;445;2024-01-07 18:07:48;4,42;3,84;0,74
0,0001;0,01;20;Adagrad;sum;L1Loss;cuda;64;1,0;1,0;True;True;446;2024-01-07 18:07:48;4,42;3,84;0,75
0,0001;0,01;20;Adagrad;sum;L1Loss;cuda;64;1,0;1,0;True;True;447;2024-01-07 18:07:48;4,41;3,84;0,75
0,0001;0,01;20;Adagrad;sum;L1Loss;cuda;64;1,0;1,0;True;True;448;2024-01-07 18:07:48;4,41;3,84;0,75
0,0001;0,01;20;Adagrad;sum;L1Loss;cuda;64;1,0;1,0;True;True;449;2024-01-07 18:07:48;4,42;3,84;0,75
0,0001;0,01;20;Adagrad;sum;L1Loss;cuda;64;1,0;1,0;True;True;450;2024-01-07 18:07:48;4,42;3,84;0,75
0,0001;0,01;20;Adagrad;sum;L1Loss;cuda;64;1,0;1,0;True;True;451;2024-01-07 18:07:48;4,42;3,84;0,75
0,0001;0,01;20;Adagrad;sum;L1Loss;cuda;64;1,0;1,0;True;True;452;2024-01-07 18:07:48;4,42;3,84;0,75
0,0001;0,01;20;Adagrad;sum;L1Loss;cuda;64;1,0;1,0;True;True;453;2024-01-07 18:07:48;4,44;3,84;0,75
0,0001;0,01;20;Adagrad;sum;L1Loss;cuda;64;1,0;1,0;True;True;454;2024-01-07 18:07:48;4,42;3,85;0,75
0,0001;0,01;20;Adagrad;sum;L1Loss;cuda;64;1,0;1,0;True;True;455;2024-01-07 18:07:48;4,42;3,84;0,75
0,0001;0,01;20;Adagrad;sum;L1Loss;cuda;64;1,0;1,0;True;True;456;2024-01-07 18:07:48;4,41;3,84;0,75
0,0001;0,01;20;Adagrad;sum;L1Loss;cuda;64;1,0;1,0;True;True;457;2024-01-07 18:07:48;4,42;3,84;0,75
0,0001;0,01;20;Adagrad;sum;L1Loss;cuda;64;1,0;1,0;True;True;458;2024-01-07 18:07:48;4,42;3,84;0,75
0,0001;0,01;20;Adagrad;sum;L1Loss;cuda;64;1,0;1,0;True;True;459;2024-01-07 18:07:48;4,42;3,85;0,75
0,0001;0,01;20;Adagrad;sum;L1Loss;cuda;64;1,0;1,0;True;True;460;2024-01-07 18:07:48;4,42;3,84;0,74
0,0001;0,01;20;Adagrad;sum;L1Loss;cuda;64;0,5;1,0;True;True;461;2024-01-07 18:11:17;4,41;3,84;0,75
0,0001;0,01;20;Adagrad;sum;L1Loss;cuda;64;0,5;1,0;True;True;462;2024-01-07 18:11:17;4,42;3,84;0,75
0,0001;0,01;20;Adagrad;sum;L1Loss;cuda;64;0,5;1,0;True;True;463;2024-01-07 18:11:17;4,42;3,84;0,75
0,0001;0,01;20;Adagrad;sum;L1Loss;cuda;64;0,5;1,0;True;True;464;2024-01-07 18:11:17;4,42;3,84;0,75
0,0001;0,01;20;Adagrad;sum;L1Loss;cuda;64;0,5;1,0;True;True;465;2024-01-07 18:11:17;4,42;3,84;0,75
0,0001;0,01;20;Adagrad;sum;L1Loss;cuda;64;0,5;1,0;True;True;466;2024-01-07 18:11:17;4,42;3,84;0,75
0,0001;0,01;20;Adagrad;sum;L1Loss;cuda;64;0,5;1,0;True;True;467;2024-01-07 18:11:17;4,43;3,84;0,75
0,0001;0,01;20;Adagrad;sum;L1Loss;cuda;64;0,5;1,0;True;True;468;2024-01-07 18:11:17;4,42;3,84;0,75
0,0001;0,01;20;Adagrad;sum;L1Loss;cuda;64;0,5;1,0;True;True;469;2024-01-07 18:11:17;4,42;3,84;0,75
0,0001;0,01;20;Adagrad;sum;L1Loss;cuda;64;0,5;1,0;True;True;470;2024-01-07 18:11:17;4,41;3,84;0,75
0,0001;0,01;20;Adagrad;sum;L1Loss;cuda;64;0,5;1,0;True;True;471;2024-01-07 18:11:17;4,42;3,84;0,75
0,0001;0,01;20;Adagrad;sum;L1Loss;cuda;64;0,5;1,0;True;True;472;2024-01-07 18:11:17;4,42;3,84;0,75
0,0001;0,01;20;Adagrad;sum;L1Loss;cuda;64;0,5;1,0;True;True;473;2024-01-07 18:11:17;4,43;3,84;0,75
0,0001;0,01;20;Adagrad;sum;L1Loss;cuda;64;0,5;1,0;True;True;474;2024-01-07 18:11:17;4,41;3,84;0,75
0,0001;0,01;20;Adagrad;sum;L1Loss;cuda;64;0,5;1,0;True;True;475;2024-01-07 18:11:17;4,42;3,84;0,75
0,0001;0,01;20;Adagrad;sum;L1Loss;cuda;64;0,5;1,0;True;True;476;2024-01-07 18:11:17;4,42;3,84;0,75
0,0001;0,01;20;Adagrad;sum;L1Loss;cuda;64;0,5;1,0;True;True;477;2024-01-07 18:11:17;4,43;3,85;0,75
0,0001;0,01;20;Adagrad;sum;L1Loss;cuda;64;0,5;1,0;True;True;478;2024-01-07 18:11:17;4,41;3,84;0,75
0,0001;0,01;20;Adagrad;sum;L1Loss;cuda;64;0,5;1,0;True;True;479;2024-01-07 18:11:17;4,42;3,84;0,75
0,0001;0,01;20;Adagrad;sum;L1Loss;cuda;64;0,5;1,0;True;True;480;2024-01-07 18:11:17;4,43;3,83;0,75
0,0001;0,001;20;Adam;mean;L1Loss;cuda;64;1,0;1,0;True;True;481;2024-01-07 18:14:48;4,43;3,84;0,76
0,0001;0,001;20;Adam;mean;L1Loss;cuda;64;1,0;1,0;True;True;482;2024-01-07 18:14:48;4,42;3,84;0,75
0,0001;0,001;20;Adam;mean;L1Loss;cuda;64;1,0;1,0;True;True;483;2024-01-07 18:14:48;4,42;3,84;0,81
0,0001;0,001;20;Adam;mean;L1Loss;cuda;64;1,0;1,0;True;True;484;2024-01-07 18:14:48;4,42;3,84;0,74
0,0001;0,001;20;Adam;mean;L1Loss;cuda;64;1,0;1,0;True;True;485;2024-01-07 18:14:48;4,42;3,84;0,79
0,0001;0,001;20;Adam;mean;L1Loss;cuda;64;1,0;1,0;True;True;486;2024-01-07 18:14:48;4,42;3,84;0,78
0,0001;0,001;20;Adam;mean;L1Loss;cuda;64;1,0;1,0;True;True;487;2024-01-07 18:14:48;4,42;3,84;0,76
0,0001;0,001;20;Adam;mean;L1Loss;cuda;64;1,0;1,0;True;True;488;2024-01-07 18:14:48;4,42;3,85;0,75
0,0001;0,001;20;Adam;mean;L1Loss;cuda;64;1,0;1,0;True;True;489;2024-01-07 18:14:48;4,43;3,84;0,74
0,0001;0,001;20;Adam;mean;L1Loss;cuda;64;1,0;1,0;True;True;490;2024-01-07 18:14:48;4,43;3,84;0,79
0,0001;0,001;20;Adam;mean;L1Loss;cuda;64;1,0;1,0;True;True;491;2024-01-07 18:14:48;4,42;3,83;0,75
0,0001;0,001;20;Adam;mean;L1Loss;cuda;64;1,0;1,0;True;True;492;2024-01-07 18:14:48;4,42;3,84;0,75
0,0001;0,001;20;Adam;mean;L1Loss;cuda;64;1,0;1,0;True;True;493;2024-01-07 18:14:48;4,42;3,84;0,81
0,0001;0,001;20;Adam;mean;L1Loss;cuda;64;1,0;1,0;True;True;494;2024-01-07 18:14:48;4,42;3,84;0,78
0,0001;0,001;20;Adam;mean;L1Loss;cuda;64;1,0;1,0;True;True;495;2024-01-07 18:14:48;4,41;3,84;0,74
0,0001;0,001;20;Adam;mean;L1Loss;cuda;64;1,0;1,0;True;True;496;2024-01-07 18:14:48;4,41;3,85;0,79
0,0001;0,001;20;Adam;mean;L1Loss;cuda;64;1,0;1,0;True;True;497;2024-01-07 18:14:48;4,41;3,83;0,75
0,0001;0,001;20;Adam;mean;L1Loss;cuda;64;1,0;1,0;True;True;498;2024-01-07 18:14:48;4,42;3,84;0,75
0,0001;0,001;20;Adam;mean;L1Loss;cuda;64;1,0;1,0;True;True;499;2024-01-07 18:14:48;4,41;3,83;0,76
0,0001;0,001;20;Adam;mean;L1Loss;cuda;64;1,0;1,0;True;True;500;2024-01-07 18:14:48;4,42;3,84;0,79
0,0001;0,001;20;Adam;mean;L1Loss;cuda;64;0,5;1,0;True;True;501;2024-01-07 18:18:21;4,41;3,84;0,75
0,0001;0,001;20;Adam;mean;L1Loss;cuda;64;0,5;1,0;True;True;502;2024-01-07 18:18:21;4,41;3,83;0,75
0,0001;0,001;20;Adam;mean;L1Loss;cuda;64;0,5;1,0;True;True;503;2024-01-07 18:18:21;4,41;3,84;0,75
0,0001;0,001;20;Adam;mean;L1Loss;cuda;64;0,5;1,0;True;True;504;2024-01-07 18:18:21;4,42;3,84;0,76
0,0001;0,001;20;Adam;mean;L1Loss;cuda;64;0,5;1,0;True;True;505;2024-01-07 18:18:21;4,41;3,85;0,79
0,0001;0,001;20;Adam;mean;L1Loss;cuda;64;0,5;1,0;True;True;506;2024-01-07 18:18:21;4,41;3,83;0,78
0,0001;0,001;20;Adam;mean;L1Loss;cuda;64;0,5;1,0;True;True;507;2024-01-07 18:18:21;4,42;3,83;0,75
0,0001;0,001;20;Adam;mean;L1Loss;cuda;64;0,5;1,0;True;True;508;2024-01-07 18:18:21;4,4;3,84;0,78
0,0001;0,001;20;Adam;mean;L1Loss;cuda;64;0,5;1,0;True;True;509;2024-01-07 18:18:21;4,41;3,84;0,75
0,0001;0,001;20;Adam;mean;L1Loss;cuda;64;0,5;1,0;True;True;510;2024-01-07 18:18:21;4,41;3,83;0,78
0,0001;0,001;20;Adam;mean;L1Loss;cuda;64;0,5;1,0;True;True;511;2024-01-07 18:18:21;4,41;3,84;0,76
0,0001;0,001;20;Adam;mean;L1Loss;cuda;64;0,5;1,0;True;True;512;2024-01-07 18:18:21;4,4;3,84;0,76
0,0001;0,001;20;Adam;mean;L1Loss;cuda;64;0,5;1,0;True;True;513;2024-01-07 18:18:21;4,41;3,85;0,76
0,0001;0,001;20;Adam;mean;L1Loss;cuda;64;0,5;1,0;True;True;514;2024-01-07 18:18:21;4,4;3,83;0,75
0,0001;0,001;20;Adam;mean;L1Loss;cuda;64;0,5;1,0;True;True;515;2024-01-07 18:18:21;4,4;3,84;0,79
0,0001;0,001;20;Adam;mean;L1Loss;cuda;64;0,5;1,0;True;True;516;2024-01-07 18:18:21;4,41;3,85;0,78
0,0001;0,001;20;Adam;mean;L1Loss;cuda;64;0,5;1,0;True;True;517;2024-01-07 18:18:21;4,41;3,84;0,76
0,0001;0,001;20;Adam;mean;L1Loss;cuda;64;0,5;1,0;True;True;518;2024-01-07 18:18:21;4,42;3,84;0,75
0,0001;0,001;20;Adam;mean;L1Loss;cuda;64;0,5;1,0;True;True;519;2024-01-07 18:18:21;4,4;3,84;0,79
0,0001;0,001;20;Adam;mean;L1Loss;cuda;64;0,5;1,0;True;True;520;2024-01-07 18:18:21;4,4;3,83;0,74
0,0001;0,001;20;Adam;sum;L1Loss;cuda;64;1,0;1,0;True;True;521;2024-01-07 18:21:55;4,41;3,84;0,76
0,0001;0,001;20;Adam;sum;L1Loss;cuda;64;1,0;1,0;True;True;522;2024-01-07 18:21:55;4,41;3,83;0,78
0,0001;0,001;20;Adam;sum;L1Loss;cuda;64;1,0;1,0;True;True;523;2024-01-07 18:21:55;4,41;3,84;0,76
0,0001;0,001;20;Adam;sum;L1Loss;cuda;64;1,0;1,0;True;True;524;2024-01-07 18:21:55;4,42;3,86;0,79
0,0001;0,001;20;Adam;sum;L1Loss;cuda;64;1,0;1,0;True;True;525;2024-01-07 18:21:55;4,4;3,84;0,76
0,0001;0,001;20;Adam;sum;L1Loss;cuda;64;1,0;1,0;True;True;526;2024-01-07 18:21:55;4,4;3,83;0,76
0,0001;0,001;20;Adam;sum;L1Loss;cuda;64;1,0;1,0;True;True;527;2024-01-07 18:21:55;4,41;3,83;0,75
0,0001;0,001;20;Adam;sum;L1Loss;cuda;64;1,0;1,0;True;True;528;2024-01-07 18:21:55;4,39;3,83;0,76
0,0001;0,001;20;Adam;sum;L1Loss;cuda;64;1,0;1,0;True;True;529;2024-01-07 18:21:55;4,4;3,83;0,76
0,0001;0,001;20;Adam;sum;L1Loss;cuda;64;1,0;1,0;True;True;530;2024-01-07 18:21:55;4,42;3,83;0,78
0,0001;0,001;20;Adam;sum;L1Loss;cuda;64;1,0;1,0;True;True;531;2024-01-07 18:21:55;4,41;3,85;0,78
0,0001;0,001;20;Adam;sum;L1Loss;cuda;64;1,0;1,0;True;True;532;2024-01-07 18:21:55;4,4;3,83;0,78
0,0001;0,001;20;Adam;sum;L1Loss;cuda;64;1,0;1,0;True;True;533;2024-01-07 18:21:55;4,4;3,83;0,76
0,0001;0,001;20;Adam;sum;L1Loss;cuda;64;1,0;1,0;True;True;534;2024-01-07 18:21:55;4,41;3,83;0,76
0,0001;0,001;20;Adam;sum;L1Loss;cuda;64;1,0;1,0;True;True;535;2024-01-07 18:21:55;4,41;3,83;0,76
0,0001;0,001;20;Adam;sum;L1Loss;cuda;64;1,0;1,0;True;True;536;2024-01-07 18:21:55;4,42;3,83;0,76
0,0001;0,001;20;Adam;sum;L1Loss;cuda;64;1,0;1,0;True;True;537;2024-01-07 18:21:55;4,41;3,86;0,82
0,0001;0,001;20;Adam;sum;L1Loss;cuda;64;1,0;1,0;True;True;538;2024-01-07 18:21:55;4,4;3,83;0,78
0,0001;0,001;20;Adam;sum;L1Loss;cuda;64;1,0;1,0;True;True;539;2024-01-07 18:21:55;4,4;3,84;0,79
0,0001;0,001;20;Adam;sum;L1Loss;cuda;64;1,0;1,0;True;True;540;2024-01-07 18:21:55;4,39;3,84;0,78
0,0001;0,001;20;Adam;sum;L1Loss;cuda;64;0,5;1,0;True;True;541;2024-01-07 18:25:25;4,4;3,83;0,78
0,0001;0,001;20;Adam;sum;L1Loss;cuda;64;0,5;1,0;True;True;542;2024-01-07 18:25:25;4,41;3,85;0,82
0,0001;0,001;20;Adam;sum;L1Loss;cuda;64;0,5;1,0;True;True;543;2024-01-07 18:25:25;4,41;3,84;0,79
0,0001;0,001;20;Adam;sum;L1Loss;cuda;64;0,5;1,0;True;True;544;2024-01-07 18:25:25;4,4;3,82;0,76
0,0001;0,001;20;Adam;sum;L1Loss;cuda;64;0,5;1,0;True;True;545;2024-01-07 18:25:25;4,4;3,84;0,78
0,0001;0,001;20;Adam;sum;L1Loss;cuda;64;0,5;1,0;True;True;546;2024-01-07 18:25:25;4,4;3,83;0,76
0,0001;0,001;20;Adam;sum;L1Loss;cuda;64;0,5;1,0;True;True;547;2024-01-07 18:25:25;4,4;3,85;0,79
0,0001;0,001;20;Adam;sum;L1Loss;cuda;64;0,5;1,0;True;True;548;2024-01-07 18:25:25;4,4;3,83;0,75
0,0001;0,001;20;Adam;sum;L1Loss;cuda;64;0,5;1,0;True;True;549;2024-01-07 18:25:25;4,4;3,85;0,79
0,0001;0,001;20;Adam;sum;L1Loss;cuda;64;0,5;1,0;True;True;550;2024-01-07 18:25:25;4,4;3,84;0,76
0,0001;0,001;20;Adam;sum;L1Loss;cuda;64;0,5;1,0;True;True;551;2024-01-07 18:25:25;4,4;3,83;0,76
0,0001;0,001;20;Adam;sum;L1Loss;cuda;64;0,5;1,0;True;True;552;2024-01-07 18:25:25;4,4;3,83;0,78
0,0001;0,001;20;Adam;sum;L1Loss;cuda;64;0,5;1,0;True;True;553;2024-01-07 18:25:25;4,4;3,82;0,75
0,0001;0,001;20;Adam;sum;L1Loss;cuda;64;0,5;1,0;True;True;554;2024-01-07 18:25:25;4,4;3,83;0,78
0,0001;0,001;20;Adam;sum;L1Loss;cuda;64;0,5;1,0;True;True;555;2024-01-07 18:25:25;4,39;3,83;0,76
0,0001;0,001;20;Adam;sum;L1Loss;cuda;64;0,5;1,0;True;True;556;2024-01-07 18:25:25;4,4;3,82;0,76
0,0001;0,001;20;Adam;sum;L1Loss;cuda;64;0,5;1,0;True;True;557;2024-01-07 18:25:25;4,39;3,83;0,78
0,0001;0,001;20;Adam;sum;L1Loss;cuda;64;0,5;1,0;True;True;558;2024-01-07 18:25:25;4,39;3,83;0,76
0,0001;0,001;20;Adam;sum;L1Loss;cuda;64;0,5;1,0;True;True;559;2024-01-07 18:25:25;4,39;3,83;0,76
0,0001;0,001;20;Adam;sum;L1Loss;cuda;64;0,5;1,0;True;True;560;2024-01-07 18:25:25;4,39;3,83;0,78
0,0001;0,001;20;Adagrad;mean;L1Loss;cuda;64;1,0;1,0;True;True;561;2024-01-07 18:28:53;4,4;3,83;0,76
0,0001;0,001;20;Adagrad;mean;L1Loss;cuda;64;1,0;1,0;True;True;562;2024-01-07 18:28:53;4,4;3,83;0,76
0,0001;0,001;20;Adagrad;mean;L1Loss;cuda;64;1,0;1,0;True;True;563;2024-01-07 18:28:53;4,38;3,83;0,76
0,0001;0,001;20;Adagrad;mean;L1Loss;cuda;64;1,0;1,0;True;True;564;2024-01-07 18:28:53;4,39;3,82;0,76
0,0001;0,001;20;Adagrad;mean;L1Loss;cuda;64;1,0;1,0;True;True;565;2024-01-07 18:28:53;4,38;3,82;0,76
0,0001;0,001;20;Adagrad;mean;L1Loss;cuda;64;1,0;1,0;True;True;566;2024-01-07 18:28:53;4,38;3,82;0,76
0,0001;0,001;20;Adagrad;mean;L1Loss;cuda;64;1,0;1,0;True;True;567;2024-01-07 18:28:53;4,39;3,82;0,76
0,0001;0,001;20;Adagrad;mean;L1Loss;cuda;64;1,0;1,0;True;True;568;2024-01-07 18:28:53;4,39;3,82;0,76
0,0001;0,001;20;Adagrad;mean;L1Loss;cuda;64;1,0;1,0;True;True;569;2024-01-07 18:28:53;4,38;3,83;0,76
0,0001;0,001;20;Adagrad;mean;L1Loss;cuda;64;1,0;1,0;True;True;570;2024-01-07 18:28:53;4,4;3,82;0,76
0,0001;0,001;20;Adagrad;mean;L1Loss;cuda;64;1,0;1,0;True;True;571;2024-01-07 18:28:53;4,39;3,82;0,76
0,0001;0,001;20;Adagrad;mean;L1Loss;cuda;64;1,0;1,0;True;True;572;2024-01-07 18:28:53;4,39;3,82;0,76
0,0001;0,001;20;Adagrad;mean;L1Loss;cuda;64;1,0;1,0;True;True;573;2024-01-07 18:28:53;4,38;3,82;0,76
0,0001;0,001;20;Adagrad;mean;L1Loss;cuda;64;1,0;1,0;True;True;574;2024-01-07 18:28:53;4,39;3,82;0,76
0,0001;0,001;20;Adagrad;mean;L1Loss;cuda;64;1,0;1,0;True;True;575;2024-01-07 18:28:53;4,4;3,82;0,76
0,0001;0,001;20;Adagrad;mean;L1Loss;cuda;64;1,0;1,0;True;True;576;2024-01-07 18:28:53;4,4;3,82;0,76
0,0001;0,001;20;Adagrad;mean;L1Loss;cuda;64;1,0;1,0;True;True;577;2024-01-07 18:28:53;4,4;3,82;0,76
0,0001;0,001;20;Adagrad;mean;L1Loss;cuda;64;1,0;1,0;True;True;578;2024-01-07 18:28:53;4,39;3,82;0,76
0,0001;0,001;20;Adagrad;mean;L1Loss;cuda;64;1,0;1,0;True;True;579;2024-01-07 18:28:53;4,4;3,82;0,76
0,0001;0,001;20;Adagrad;mean;L1Loss;cuda;64;1,0;1,0;True;True;580;2024-01-07 18:28:53;4,4;3,82;0,76
0,0001;0,001;20;Adagrad;mean;L1Loss;cuda;64;0,5;1,0;True;True;581;2024-01-07 18:32:20;4,39;3,82;0,78
0,0001;0,001;20;Adagrad;mean;L1Loss;cuda;64;0,5;1,0;True;True;582;2024-01-07 18:32:20;4,4;3,82;0,76
0,0001;0,001;20;Adagrad;mean;L1Loss;cuda;64;0,5;1,0;True;True;583;2024-01-07 18:32:20;4,4;3,82;0,76
0,0001;0,001;20;Adagrad;mean;L1Loss;cuda;64;0,5;1,0;True;True;584;2024-01-07 18:32:20;4,38;3,83;0,76
0,0001;0,001;20;Adagrad;mean;L1Loss;cuda;64;0,5;1,0;True;True;585;2024-01-07 18:32:20;4,4;3,82;0,76
0,0001;0,001;20;Adagrad;mean;L1Loss;cuda;64;0,5;1,0;True;True;586;2024-01-07 18:32:20;4,39;3,83;0,76
0,0001;0,001;20;Adagrad;mean;L1Loss;cuda;64;0,5;1,0;True;True;587;2024-01-07 18:32:20;4,38;3,82;0,76
0,0001;0,001;20;Adagrad;mean;L1Loss;cuda;64;0,5;1,0;True;True;588;2024-01-07 18:32:20;4,38;3,82;0,76
0,0001;0,001;20;Adagrad;mean;L1Loss;cuda;64;0,5;1,0;True;True;589;2024-01-07 18:32:20;4,38;3,82;0,76
0,0001;0,001;20;Adagrad;mean;L1Loss;cuda;64;0,5;1,0;True;True;590;2024-01-07 18:32:20;4,38;3,82;0,76
0,0001;0,001;20;Adagrad;mean;L1Loss;cuda;64;0,5;1,0;True;True;591;2024-01-07 18:32:20;4,39;3,83;0,78
0,0001;0,001;20;Adagrad;mean;L1Loss;cuda;64;0,5;1,0;True;True;592;2024-01-07 18:32:20;4,39;3,82;0,76
0,0001;0,001;20;Adagrad;mean;L1Loss;cuda;64;0,5;1,0;True;True;593;2024-01-07 18:32:20;4,39;3,82;0,76
0,0001;0,001;20;Adagrad;mean;L1Loss;cuda;64;0,5;1,0;True;True;594;2024-01-07 18:32:20;4,39;3,83;0,76
0,0001;0,001;20;Adagrad;mean;L1Loss;cuda;64;0,5;1,0;True;True;595;2024-01-07 18:32:20;4,39;3,83;0,76
0,0001;0,001;20;Adagrad;mean;L1Loss;cuda;64;0,5;1,0;True;True;596;2024-01-07 18:32:20;4,39;3,82;0,76
0,0001;0,001;20;Adagrad;mean;L1Loss;cuda;64;0,5;1,0;True;True;597;2024-01-07 18:32:20;4,4;3,83;0,76
0,0001;0,001;20;Adagrad;mean;L1Loss;cuda;64;0,5;1,0;True;True;598;2024-01-07 18:32:20;4,39;3,83;0,76
0,0001;0,001;20;Adagrad;mean;L1Loss;cuda;64;0,5;1,0;True;True;599;2024-01-07 18:32:20;4,39;3,82;0,76
0,0001;0,001;20;Adagrad;mean;L1Loss;cuda;64;0,5;1,0;True;True;600;2024-01-07 18:32:20;4,38;3,82;0,76
0,0001;0,001;20;Adagrad;sum;L1Loss;cuda;64;1,0;1,0;True;True;601;2024-01-07 18:35:48;4,4;3,82;0,76
0,0001;0,001;20;Adagrad;sum;L1Loss;cuda;64;1,0;1,0;True;True;602;2024-01-07 18:35:48;4,4;3,82;0,75
0,0001;0,001;20;Adagrad;sum;L1Loss;cuda;64;1,0;1,0;True;True;603;2024-01-07 18:35:48;4,39;3,83;0,75
0,0001;0,001;20;Adagrad;sum;L1Loss;cuda;64;1,0;1,0;True;True;604;2024-01-07 18:35:48;4,38;3,83;0,76
0,0001;0,001;20;Adagrad;sum;L1Loss;cuda;64;1,0;1,0;True;True;605;2024-01-07 18:35:48;4,4;3,82;0,76
0,0001;0,001;20;Adagrad;sum;L1Loss;cuda;64;1,0;1,0;True;True;606;2024-01-07 18:35:48;4,39;3,82;0,76
0,0001;0,001;20;Adagrad;sum;L1Loss;cuda;64;1,0;1,0;True;True;607;2024-01-07 18:35:48;4,39;3,82;0,76
0,0001;0,001;20;Adagrad;sum;L1Loss;cuda;64;1,0;1,0;True;True;608;2024-01-07 18:35:48;4,39;3,82;0,76
0,0001;0,001;20;Adagrad;sum;L1Loss;cuda;64;1,0;1,0;True;True;609;2024-01-07 18:35:48;4,39;3,82;0,76
0,0001;0,001;20;Adagrad;sum;L1Loss;cuda;64;1,0;1,0;True;True;610;2024-01-07 18:35:48;4,38;3,82;0,76
0,0001;0,001;20;Adagrad;sum;L1Loss;cuda;64;1,0;1,0;True;True;611;2024-01-07 18:35:48;4,39;3,82;0,76
0,0001;0,001;20;Adagrad;sum;L1Loss;cuda;64;1,0;1,0;True;True;612;2024-01-07 18:35:48;4,39;3,82;0,76
0,0001;0,001;20;Adagrad;sum;L1Loss;cuda;64;1,0;1,0;True;True;613;2024-01-07 18:35:48;4,4;3,82;0,76
0,0001;0,001;20;Adagrad;sum;L1Loss;cuda;64;1,0;1,0;True;True;614;2024-01-07 18:35:48;4,4;3,82;0,76
0,0001;0,001;20;Adagrad;sum;L1Loss;cuda;64;1,0;1,0;True;True;615;2024-01-07 18:35:48;4,4;3,82;0,76
0,0001;0,001;20;Adagrad;sum;L1Loss;cuda;64;1,0;1,0;True;True;616;2024-01-07 18:35:48;4,39;3,82;0,76
0,0001;0,001;20;Adagrad;sum;L1Loss;cuda;64;1,0;1,0;True;True;617;2024-01-07 18:35:48;4,39;3,82;0,76
0,0001;0,001;20;Adagrad;sum;L1Loss;cuda;64;1,0;1,0;True;True;618;2024-01-07 18:35:48;4,39;3,82;0,76
0,0001;0,001;20;Adagrad;sum;L1Loss;cuda;64;1,0;1,0;True;True;619;2024-01-07 18:35:48;4,38;3,82;0,76
0,0001;0,001;20;Adagrad;sum;L1Loss;cuda;64;1,0;1,0;True;True;620;2024-01-07 18:35:48;4,38;3,83;0,76
0,0001;0,001;20;Adagrad;sum;L1Loss;cuda;64;0,5;1,0;True;True;621;2024-01-07 18:39:17;4,39;3,83;0,76
0,0001;0,001;20;Adagrad;sum;L1Loss;cuda;64;0,5;1,0;True;True;622;2024-01-07 18:39:17;4,39;3,82;0,76
0,0001;0,001;20;Adagrad;sum;L1Loss;cuda;64;0,5;1,0;True;True;623;2024-01-07 18:39:17;4,38;3,83;0,76
0,0001;0,001;20;Adagrad;sum;L1Loss;cuda;64;0,5;1,0;True;True;624;2024-01-07 18:39:17;4,39;3,82;0,75
0,0001;0,001;20;Adagrad;sum;L1Loss;cuda;64;0,5;1,0;True;True;625;2024-01-07 18:39:17;4,39;3,82;0,75
0,0001;0,001;20;Adagrad;sum;L1Loss;cuda;64;0,5;1,0;True;True;626;2024-01-07 18:39:17;4,4;3,82;0,75
0,0001;0,001;20;Adagrad;sum;L1Loss;cuda;64;0,5;1,0;True;True;627;2024-01-07 18:39:17;4,39;3,82;0,76
0,0001;0,001;20;Adagrad;sum;L1Loss;cuda;64;0,5;1,0;True;True;628;2024-01-07 18:39:17;4,39;3,82;0,76
0,0001;0,001;20;Adagrad;sum;L1Loss;cuda;64;0,5;1,0;True;True;629;2024-01-07 18:39:17;4,39;3,82;0,76
0,0001;0,001;20;Adagrad;sum;L1Loss;cuda;64;0,5;1,0;True;True;630;2024-01-07 18:39:17;4,39;3,82;0,76
0,0001;0,001;20;Adagrad;sum;L1Loss;cuda;64;0,5;1,0;True;True;631;2024-01-07 18:39:17;4,39;3,83;0,76
0,0001;0,001;20;Adagrad;sum;L1Loss;cuda;64;0,5;1,0;True;True;632;2024-01-07 18:39:17;4,38;3,82;0,76
0,0001;0,001;20;Adagrad;sum;L1Loss;cuda;64;0,5;1,0;True;True;633;2024-01-07 18:39:17;4,39;3,82;0,76
0,0001;0,001;20;Adagrad;sum;L1Loss;cuda;64;0,5;1,0;True;True;634;2024-01-07 18:39:17;4,38;3,82;0,76
0,0001;0,001;20;Adagrad;sum;L1Loss;cuda;64;0,5;1,0;True;True;635;2024-01-07 18:39:17;4,4;3,82;0,76
0,0001;0,001;20;Adagrad;sum;L1Loss;cuda;64;0,5;1,0;True;True;636;2024-01-07 18:39:17;4,4;3,82;0,76
0,0001;0,001;20;Adagrad;sum;L1Loss;cuda;64;0,5;1,0;True;True;637;2024-01-07 18:39:17;4,4;3,82;0,76
0,0001;0,001;20;Adagrad;sum;L1Loss;cuda;64;0,5;1,0;True;True;638;2024-01-07 18:39:17;4,39;3,82;0,76
0,0001;0,001;20;Adagrad;sum;L1Loss;cuda;64;0,5;1,0;True;True;639;2024-01-07 18:39:17;4,4;3,83;0,76
0,0001;0,001;20;Adagrad;sum;L1Loss;cuda;64;0,5;1,0;True;True;640;2024-01-07 18:39:17;4,38;3,82;0,76
